raw_kpi_name,row_count,row_ratio,cumulative_row_ratio,unique_component_count,existing_bank_safe_v1_status,source_family,entity_scope,semantic_family,metric_kind,unit_hint,candidate_existing_slot,candidate_new_slot,recommended_action,confidence,transform_hint,reason
OSLinux-OSLinux_PROCESS_PROCESS_PROCNoZombies,160491,0.01313551851868221,0.01313551851868221,14,unmapped,OSLinux,host,unknown,unknown,unknown,,,manual_review,low,unknown,"semantic=unknown, unit=unknown, kind=unknown; cannot auto-classify"
OSLinux-OSLinux_PROCESS_zabbix_PROCPPCount,160489,0.013135354827029487,0.026270873345711696,14,unmapped,OSLinux,host,process,counter,count,,process_health,requires_new_slot,medium,delta_then_log1p,"Requires new slot 'process_health'; semantic=process, unit=count, source=OSLinux"
OSLinux-OSLinux_ZABBIX_Host_Uptime,160460,0.013132981298064984,0.03940385464377668,14,unmapped,OSLinux,host,uptime,duration,milliseconds,,,manual_review,low,unknown,"semantic=uptime, unit=milliseconds, kind=duration; cannot auto-classify"
OSLinux-OSLinux_NETWORK_NETWORK_TCP-CLOSE-WAIT,160049,0.013099342663430154,0.05250319730720683,14,unmapped,OSLinux,host,network,unknown,unknown,,os_network,requires_new_slot,medium,unknown,"Requires new slot 'os_network'; semantic=network, unit=unknown, source=OSLinux"
OSLinux-OSLinux_NETWORK_NETWORK_TCP-FIN-WAIT,159678,0.013068977861849811,0.06557217516905664,14,unmapped,OSLinux,host,network,unknown,unknown,,os_network,requires_new_slot,medium,unknown,"Requires new slot 'os_network'; semantic=network, unit=unknown, source=OSLinux"
OSLinux-CPU_CPU_CPULoad,158529,0.01297493700735974,0.07854711217641638,14,unmapped,OSLinux,host,cpu,gauge,unknown,,,manual_review,low,unknown,"semantic=cpu, unit=unknown, kind=gauge; cannot auto-classify"
OSLinux-CPU_CPU_CPUidleutil,158529,0.01297493700735974,0.09152204918377613,14,unmapped,OSLinux,host,cpu,ratio,percent,cpu,,map_safe_v2,high,unknown,"Maps to existing slot 'cpu'; semantic=cpu, unit=percent, source=OSLinux"
OSLinux-CPU_CPU_CPUWio,158523,0.012974445932401569,0.1044964951161777,14,unmapped,OSLinux,host,cpu,unknown,unknown,,,manual_review,low,unknown,"semantic=cpu, unit=unknown, kind=unknown; cannot auto-classify"
OSLinux-CPU_CPU_CPUSysTime,158515,0.012973791165790671,0.11747028628196837,14,unmapped,OSLinux,host,cpu,duration,milliseconds,,,manual_review,low,unknown,"semantic=cpu, unit=milliseconds, kind=duration; cannot auto-classify"
OSLinux-CPU_CPU_CPUUserTime,158512,0.012973545628311585,0.13044383191027994,14,unmapped,OSLinux,host,cpu,duration,milliseconds,,,manual_review,low,unknown,"semantic=cpu, unit=milliseconds, kind=duration; cannot auto-classify"
OSLinux-OSLinux_PROCESS_zabbix-zabbix_agentd_PROCPPCPUPerc,158483,0.012971172099347084,0.14341500400962703,14,unmapped,OSLinux,host,cpu,ratio,percent,cpu,,map_safe_v2,high,identity,"Maps to existing slot 'cpu'; semantic=cpu, unit=percent, source=OSLinux"
OSLinux-OSLinux_MEMORY_MEMORY_MEMUsedMemPerc,135715,0.011107706324734448,0.1545227103343615,14,unmapped,OSLinux,host,memory,ratio,percent,mem,,map_safe_v2,high,identity,"Maps to existing slot 'mem'; semantic=memory, unit=percent, source=OSLinux"
OSLinux-CPU_CPU_CPUCpuUtil,130588,0.010688082772975883,0.16521079310733738,14,accepted,OSLinux,host,cpu,ratio,percent,cpu,,map_safe_v2,high,unknown,"Maps to existing slot 'cpu'; semantic=cpu, unit=percent, source=OSLinux"
OSLinux-OSLinux_MEMORY_MEMORY_NoCacheMemPerc,130345,0.010668194237169889,0.17587898734450727,14,unmapped,OSLinux,host,memory,ratio,percent,mem,,map_safe_v2,high,identity,"Maps to existing slot 'mem'; semantic=memory, unit=percent, source=OSLinux"
OSLinux-OSLinux_MEMORY_MEMORY_UserMem,121488,0.009943285753080636,0.18582227309758792,14,unmapped,OSLinux,host,memory,gauge,unknown,,,manual_review,low,unknown,"semantic=memory, unit=unknown, kind=gauge; cannot auto-classify"
OSLinux-OSLinux_PROCESS_PROCESS_PROCPPMem,119082,0.009746364694853387,0.1955686377924413,14,unmapped,OSLinux,host,process,unknown,unknown,,process_health,requires_new_slot,medium,unknown,"Requires new slot 'process_health'; semantic=process, unit=unknown, source=OSLinux"
OSLinux-OSLinux_MEMORY_MEMORY_CacheMem,118963,0.009736625041516296,0.20530526283395759,14,unmapped,OSLinux,host,memory,gauge,unknown,,,manual_review,low,unknown,"semantic=memory, unit=unknown, kind=gauge; cannot auto-classify"
OSLinux-OSLinux_MEMORY_MEMORY_MEMFreeMem,118949,0.009735479199947225,0.2150407420339048,14,unmapped,OSLinux,host,memory,gauge,unknown,,,manual_review,low,unknown,"semantic=memory, unit=unknown, kind=gauge; cannot auto-classify"
OSLinux-OSLinux_FILE_-tmp-zabbix_agentd.log_FileSizeMB,114436,0.009366108985575,0.2244068510194798,14,unmapped,OSLinux,host,monitoring,gauge,unknown,,,manual_review,low,unknown,"semantic=monitoring, unit=unknown, kind=gauge; cannot auto-classify"
OSLinux-OSLinux_NETWORK_NETWORK_TotalTcpConnNum,107316,0.008783366701876742,0.23319021772135654,14,unmapped,OSLinux,host,network,gauge,count,,os_network,requires_new_slot,medium,log1p,"Requires new slot 'os_network'; semantic=network, unit=count, source=OSLinux"
OSLinux-OSLinux_SWAP_SWAP_So,79669,0.006520575140443346,0.2397107928617999,14,unmapped,OSLinux,host,unknown,unknown,unknown,,,manual_review,low,unknown,"semantic=unknown, unit=unknown, kind=unknown; cannot auto-classify"
OSLinux-OSLinux_SWAP_SWAP_Si,79621,0.006516646540777964,0.24622743940257785,14,unmapped,OSLinux,host,unknown,unknown,unknown,,,manual_review,low,unknown,"semantic=unknown, unit=unknown, kind=unknown; cannot auto-classify"
OSLinux-OSLinux_PROCESS_PROCESS_PROCPPMemPerc,79241,0.006485545126760361,0.2527129845293382,14,unmapped,OSLinux,host,process,ratio,percent,,process_health,requires_new_slot,medium,identity,"Requires new slot 'process_health'; semantic=process, unit=percent, source=OSLinux"
OSLinux-CPU_CPU-0_SingleCpuidle,78710,0.006442084992962077,0.2591550695223003,14,unmapped,OSLinux,host,cpu,unknown,unknown,,,manual_review,low,unknown,"semantic=cpu, unit=unknown, kind=unknown; cannot auto-classify"
OSLinux-CPU_CPU-2_SingleCpuidle,78689,0.006440366230608473,0.2655954357529087,14,unmapped,OSLinux,host,cpu,unknown,unknown,,,manual_review,low,unknown,"semantic=cpu, unit=unknown, kind=unknown; cannot auto-classify"
OSLinux-OSLinux_LOCALDISK_LOCALDISK-sdb_DSKWTps,78689,0.006440366230608473,0.2720358019835172,14,dropped,OSLinux,host,disk,unknown,rate,,disk_io,requires_new_slot,medium,unknown,"Requires new slot 'disk_io'; semantic=disk, unit=rate, source=OSLinux"
OSLinux-OSLinux_LOCALDISK_LOCALDISK-sda_DSKWrite,78679,0.006439547772344852,0.278475349755862,14,dropped,OSLinux,host,disk,unknown,unknown,,disk_io,requires_new_slot,medium,unknown,"Requires new slot 'disk_io'; semantic=disk, unit=unknown, source=OSLinux"
OSLinux-OSLinux_LOCALDISK_LOCALDISK-sda_DSKWTps,78679,0.006439547772344852,0.28491489752820687,14,dropped,OSLinux,host,disk,unknown,rate,,disk_io,requires_new_slot,medium,unknown,"Requires new slot 'disk_io'; semantic=disk, unit=rate, source=OSLinux"
OSLinux-OSLinux_LOCALDISK_LOCALDISK-sdb_DSKRTps,78661,0.006438074547470334,0.2913529720756772,14,dropped,OSLinux,host,disk,unknown,rate,,disk_io,requires_new_slot,medium,unknown,"Requires new slot 'disk_io'; semantic=disk, unit=rate, source=OSLinux"
OSLinux-OSLinux_LOCALDISK_LOCALDISK-sda_DSKRead,78661,0.006438074547470334,0.2977910466231475,14,dropped,OSLinux,host,disk,unknown,unknown,,disk_io,requires_new_slot,medium,unknown,"Requires new slot 'disk_io'; semantic=disk, unit=unknown, source=OSLinux"
OSLinux-OSLinux_LOCALDISK_LOCALDISK-sdb_DSKRead,78659,0.006437910855817609,0.3042289574789651,14,dropped,OSLinux,host,disk,unknown,unknown,,disk_io,requires_new_slot,medium,unknown,"Requires new slot 'disk_io'; semantic=disk, unit=unknown, source=OSLinux"
OSLinux-OSLinux_LOCALDISK_LOCALDISK-sdb_DSKWrite,78658,0.006437829009991247,0.31066678648895635,14,dropped,OSLinux,host,disk,unknown,unknown,,disk_io,requires_new_slot,medium,unknown,"Requires new slot 'disk_io'; semantic=disk, unit=unknown, source=OSLinux"
OSLinux-OSLinux_LOCALDISK_LOCALDISK-sda_DSKRTps,78656,0.0064376653183385235,0.31710445180729485,14,dropped,OSLinux,host,disk,unknown,rate,,disk_io,requires_new_slot,medium,unknown,"Requires new slot 'disk_io'; semantic=disk, unit=rate, source=OSLinux"
OSLinux-OSLinux_SWAP_SWAP_SWPTotSwapUsedPercent,78563,0.0064300536564868465,0.3235345054637817,14,unmapped,OSLinux,host,swap,ratio,percent,,swap_io,requires_new_slot,medium,identity,"Requires new slot 'swap_io'; semantic=swap, unit=percent, source=OSLinux"
OSLinux-OSLinux_LOCALDISK_LOCALDISK-sda_DSKBps,78529,0.006427270898390534,0.3299617763621722,14,dropped,OSLinux,host,disk,rate,bytes,,disk_io,requires_new_slot,medium,log1p,"Requires new slot 'disk_io'; semantic=disk, unit=bytes, source=OSLinux"
OSLinux-OSLinux_LOCALDISK_LOCALDISK-sdb_DSKBps,78505,0.0064253065985578435,0.33638708296073005,14,dropped,OSLinux,host,disk,rate,bytes,,disk_io,requires_new_slot,medium,log1p,"Requires new slot 'disk_io'; semantic=disk, unit=bytes, source=OSLinux"
OSLinux-OSLinux_LOCALDISK_LOCALDISK-sdb_DSKPercentBusy,77811,0.006368505595062536,0.3427555885557926,14,dropped,OSLinux,host,disk,counter,percent,,disk_io,requires_new_slot,medium,delta_then_log1p,"Requires new slot 'disk_io'; semantic=disk, unit=percent, source=OSLinux"
OSLinux-OSLinux_LOCALDISK_LOCALDISK-sda_DSKPercentBusy,77637,0.006354264421275528,0.3491098529770681,14,dropped,OSLinux,host,disk,counter,percent,,disk_io,requires_new_slot,medium,delta_then_log1p,"Requires new slot 'disk_io'; semantic=disk, unit=percent, source=OSLinux"
OSLinux-OSLinux_FILESYSTEM_-tmp_FSCapacity,72439,0.005928829815845253,0.35503868279291334,14,unmapped,OSLinux,host,filesystem,gauge,unknown,,filesystem_usage,requires_new_slot,medium,unknown,"Requires new slot 'filesystem_usage'; semantic=filesystem, unit=unknown, source=OSLinux"
OSLinux-OSLinux_FILESYSTEM_-tmp_FSInodeUsedPercent,72375,0.005923591682958079,0.3609622744758714,14,unmapped,OSLinux,host,filesystem,ratio,percent,,filesystem_usage,requires_new_slot,medium,identity,"Requires new slot 'filesystem_usage'; semantic=filesystem, unit=percent, source=OSLinux"
OSLinux-OSLinux_FILESYSTEM_-_FSCapacity,72360,0.005922363995562647,0.3668846384714341,14,unmapped,OSLinux,host,filesystem,gauge,unknown,,filesystem_usage,requires_new_slot,medium,unknown,"Requires new slot 'filesystem_usage'; semantic=filesystem, unit=unknown, source=OSLinux"
OSLinux-OSLinux_FILESYSTEM_-home_FSCapacity,72306,0.005917944320939093,0.3728025827923732,14,unmapped,OSLinux,host,filesystem,gauge,unknown,,filesystem_usage,requires_new_slot,medium,unknown,"Requires new slot 'filesystem_usage'; semantic=filesystem, unit=unknown, source=OSLinux"
OSLinux-OSLinux_FILESYSTEM_-boot_FSCapacity,72302,0.005917616937633644,0.37872019973000687,14,unmapped,OSLinux,host,filesystem,gauge,unknown,,filesystem_usage,requires_new_slot,medium,unknown,"Requires new slot 'filesystem_usage'; semantic=filesystem, unit=unknown, source=OSLinux"
OSLinux-OSLinux_FILESYSTEM_-cmbc_admin_FSInodeUsedPercent,72291,0.005916716633543661,0.3846369163635505,14,unmapped,OSLinux,host,filesystem,ratio,percent,,filesystem_usage,requires_new_slot,medium,identity,"Requires new slot 'filesystem_usage'; semantic=filesystem, unit=percent, source=OSLinux"
OSLinux-OSLinux_FILESYSTEM_-_FSInodeUsedPercent,72289,0.005916552941890936,0.39055346930544144,14,unmapped,OSLinux,host,filesystem,ratio,percent,,filesystem_usage,requires_new_slot,medium,identity,"Requires new slot 'filesystem_usage'; semantic=filesystem, unit=percent, source=OSLinux"
OSLinux-OSLinux_FILESYSTEM_-cmbc_admin_FSCapacity,72289,0.005916552941890936,0.39647002224733235,14,unmapped,OSLinux,host,filesystem,gauge,unknown,,filesystem_usage,requires_new_slot,medium,unknown,"Requires new slot 'filesystem_usage'; semantic=filesystem, unit=unknown, source=OSLinux"
OSLinux-OSLinux_FILESYSTEM_-home_FSInodeUsedPercent,72289,0.005916552941890936,0.4023865751892233,14,unmapped,OSLinux,host,filesystem,ratio,percent,,filesystem_usage,requires_new_slot,medium,identity,"Requires new slot 'filesystem_usage'; semantic=filesystem, unit=percent, source=OSLinux"
OSLinux-OSLinux_FILESYSTEM_-boot_FSInodeUsedPercent,72286,0.00591630740441185,0.4083028825936351,14,unmapped,OSLinux,host,filesystem,ratio,percent,,filesystem_usage,requires_new_slot,medium,identity,"Requires new slot 'filesystem_usage'; semantic=filesystem, unit=percent, source=OSLinux"
OSLinux-OSLinux_LOCALDISK_LOCALDISK-sdb_DSKTps,67878,0.005555531001807647,0.4138584135954428,14,dropped,OSLinux,host,disk,unknown,rate,,disk_io,requires_new_slot,medium,unknown,"Requires new slot 'disk_io'; semantic=disk, unit=rate, source=OSLinux"
OSLinux-OSLinux_LOCALDISK_LOCALDISK-sdb_DSKReadWrite,67862,0.005554221468585853,0.41941263506402865,14,dropped,OSLinux,host,disk,unknown,unknown,,disk_io,requires_new_slot,medium,unknown,"Requires new slot 'disk_io'; semantic=disk, unit=unknown, source=OSLinux"
OSLinux-OSLinux_LOCALDISK_LOCALDISK-sda_DSKReadWrite,67856,0.005553730393627681,0.4249663654576563,14,dropped,OSLinux,host,disk,unknown,unknown,,disk_io,requires_new_slot,medium,unknown,"Requires new slot 'disk_io'; semantic=disk, unit=unknown, source=OSLinux"
OSLinux-OSLinux_LOCALDISK_LOCALDISK-sda_DSKTps,67854,0.005553566701974956,0.43051993215963125,14,dropped,OSLinux,host,disk,unknown,rate,,disk_io,requires_new_slot,medium,unknown,"Requires new slot 'disk_io'; semantic=disk, unit=rate, source=OSLinux"
OSLinux-CPU_CPU-2_SingleCpuUtil,65146,0.005331928204186349,0.4358518603638176,14,unmapped,OSLinux,host,cpu,ratio,percent,cpu,,map_safe_v2,high,unknown,"Maps to existing slot 'cpu'; semantic=cpu, unit=percent, source=OSLinux"
OSLinux-CPU_CPU-0_SingleCpuUtil,65130,0.005330618670964554,0.4411824790347822,14,unmapped,OSLinux,host,cpu,ratio,percent,cpu,,map_safe_v2,high,unknown,"Maps to existing slot 'cpu'; semantic=cpu, unit=percent, source=OSLinux"
OSLinux-OSLinux_FILESYSTEM_-tmp_FSUsedSpace,59243,0.004848792291170783,0.446031271325953,14,unmapped,OSLinux,host,filesystem,unknown,unknown,,filesystem_usage,requires_new_slot,medium,unknown,"Requires new slot 'filesystem_usage'; semantic=filesystem, unit=unknown, source=OSLinux"
OSLinux-OSLinux_FILESYSTEM_-_FSAvailableSpace,59225,0.0048473190662962655,0.45087859039224926,14,unmapped,OSLinux,host,filesystem,gauge,unknown,,filesystem_usage,requires_new_slot,medium,unknown,"Requires new slot 'filesystem_usage'; semantic=filesystem, unit=unknown, source=OSLinux"
OSLinux-OSLinux_FILESYSTEM_-tmp_FSAvailableSpace,59206,0.004845763995595385,0.45572435438784464,14,unmapped,OSLinux,host,filesystem,gauge,unknown,,filesystem_usage,requires_new_slot,medium,unknown,"Requires new slot 'filesystem_usage'; semantic=filesystem, unit=unknown, source=OSLinux"
OSLinux-OSLinux_FILESYSTEM_-home_FSUsedSpace,59125,0.004839134483660054,0.4605634888715047,14,unmapped,OSLinux,host,filesystem,unknown,unknown,,filesystem_usage,requires_new_slot,medium,unknown,"Requires new slot 'filesystem_usage'; semantic=filesystem, unit=unknown, source=OSLinux"
OSLinux-OSLinux_FILESYSTEM_-boot_FSAvailableSpace,59050,0.004832996046682895,0.46539648491818764,14,unmapped,OSLinux,host,filesystem,gauge,unknown,,filesystem_usage,requires_new_slot,medium,unknown,"Requires new slot 'filesystem_usage'; semantic=filesystem, unit=unknown, source=OSLinux"
OSLinux-OSLinux_FILESYSTEM_-cmbc_admin_FSAvailableSpace,59027,0.004831113592676566,0.4702275985108642,14,unmapped,OSLinux,host,filesystem,gauge,unknown,,filesystem_usage,requires_new_slot,medium,unknown,"Requires new slot 'filesystem_usage'; semantic=filesystem, unit=unknown, source=OSLinux"
OSLinux-OSLinux_FILESYSTEM_-_FSUsedSpace,59022,0.004830704363544756,0.475058302874409,14,unmapped,OSLinux,host,filesystem,unknown,unknown,,filesystem_usage,requires_new_slot,medium,unknown,"Requires new slot 'filesystem_usage'; semantic=filesystem, unit=unknown, source=OSLinux"
OSLinux-OSLinux_FILESYSTEM_-boot_FSUsedSpace,59018,0.004830376980239307,0.4798886798546483,14,unmapped,OSLinux,host,filesystem,unknown,unknown,,filesystem_usage,requires_new_slot,medium,unknown,"Requires new slot 'filesystem_usage'; semantic=filesystem, unit=unknown, source=OSLinux"
OSLinux-OSLinux_FILESYSTEM_-cmbc_admin_FSUsedSpace,59016,0.004830213288586583,0.48471889314323485,14,unmapped,OSLinux,host,filesystem,unknown,unknown,,filesystem_usage,requires_new_slot,medium,unknown,"Requires new slot 'filesystem_usage'; semantic=filesystem, unit=unknown, source=OSLinux"
OSLinux-OSLinux_FILESYSTEM_-home_FSAvailableSpace,59006,0.004829394830322962,0.4895482879735578,14,unmapped,OSLinux,host,filesystem,gauge,unknown,,filesystem_usage,requires_new_slot,medium,unknown,"Requires new slot 'filesystem_usage'; semantic=filesystem, unit=unknown, source=OSLinux"
"Tomcat-Threads_7441-""http-nio-8003""_CurrentThreadCountThreadInfo",56907,0.004657600440788882,0.4942058884143467,4,unmapped,Tomcat,application_server,request,counter,count,,tomcat_requests,requires_new_slot,medium,delta_then_log1p,"Requires new slot 'tomcat_requests'; semantic=request, unit=count, source=Tomcat"
"Tomcat-Requests_7441-""http-nio-8003""_MaxTimeRequestInfo",56906,0.0046575185949625205,0.4988634070093092,4,unmapped,Tomcat,application_server,request,duration,milliseconds,,tomcat_requests,requires_new_slot,medium,unknown,"Requires new slot 'tomcat_requests'; semantic=request, unit=milliseconds, source=Tomcat"
"Tomcat-Requests_7441-""http-nio-8003""_RequestCountRequestInfo",56906,0.0046575185949625205,0.5035209256042718,4,unmapped,Tomcat,application_server,request,counter,count,,tomcat_requests,requires_new_slot,medium,delta_then_log1p,"Requires new slot 'tomcat_requests'; semantic=request, unit=count, source=Tomcat"
"Tomcat-Requests_7441-""http-nio-8003""_ErrorCountRequestInfo",56905,0.0046574367491361585,0.508178362353408,4,unmapped,Tomcat,application_server,request,counter,count,,tomcat_requests,requires_new_slot,medium,delta_then_log1p,"Requires new slot 'tomcat_requests'; semantic=request, unit=count, source=Tomcat"
"Tomcat-Threads_7441-""http-nio-8003""_MaxThreadsThreadInfo",56905,0.0046574367491361585,0.5128357991025442,4,unmapped,Tomcat,application_server,request,counter,count,,tomcat_requests,requires_new_slot,medium,delta_then_log1p,"Requires new slot 'tomcat_requests'; semantic=request, unit=count, source=Tomcat"
"Tomcat-Threads_7441-""http-nio-8003""_CurrentThreadsBusyThreadInfo",56904,0.004657354903309796,0.5174931540058539,4,unmapped,Tomcat,application_server,request,counter,count,,tomcat_requests,requires_new_slot,medium,delta_then_log1p,"Requires new slot 'tomcat_requests'; semantic=request, unit=count, source=Tomcat"
"Tomcat-Requests_7441-""http-nio-8003""_ProcessingTimeRequestInfo",56904,0.004657354903309796,0.5221505089091637,4,unmapped,Tomcat,application_server,request,duration,milliseconds,,tomcat_requests,requires_new_slot,medium,unknown,"Requires new slot 'tomcat_requests'; semantic=request, unit=milliseconds, source=Tomcat"
Tomcat-Sessions_7441--_SESSIONRejectedSessions,56867,0.004654326607734398,0.526804835516898,4,unmapped,Tomcat,application_server,session,counter,count,,sessions,requires_new_slot,medium,delta_then_log1p,"Requires new slot 'sessions'; semantic=session, unit=count, source=Tomcat"
Tomcat-Sessions_7441--UOCP_SESSIONRejectedSessions,56866,0.004654244761908036,0.5314590802788061,4,unmapped,Tomcat,application_server,session,counter,count,,sessions,requires_new_slot,medium,delta_then_log1p,"Requires new slot 'sessions'; semantic=session, unit=count, source=Tomcat"
Tomcat-Sessions_7441--logHome_IS_UNDEFINED_SESSIONKeepaliveCounter,56866,0.004654244761908036,0.5361133250407141,4,unmapped,Tomcat,application_server,session,counter,count,,sessions,requires_new_slot,medium,delta_then_log1p,"Requires new slot 'sessions'; semantic=session, unit=count, source=Tomcat"
Tomcat-Sessions_7441--logHome_IS_UNDEFINED_SESSIONActiveCounter,56865,0.004654162916081674,0.5407674879567957,4,unmapped,Tomcat,application_server,session,counter,count,,sessions,requires_new_slot,medium,delta_then_log1p,"Requires new slot 'sessions'; semantic=session, unit=count, source=Tomcat"
Tomcat-Sessions_7441--UOCP_SESSIONKeepaliveCounter,56865,0.004654162916081674,0.5454216508728774,4,unmapped,Tomcat,application_server,session,counter,count,,sessions,requires_new_slot,medium,delta_then_log1p,"Requires new slot 'sessions'; semantic=session, unit=count, source=Tomcat"
Tomcat-Sessions_7441--_SESSIONActiveCounter,56865,0.004654162916081674,0.5500758137889591,4,unmapped,Tomcat,application_server,session,counter,count,,sessions,requires_new_slot,medium,delta_then_log1p,"Requires new slot 'sessions'; semantic=session, unit=count, source=Tomcat"
Tomcat-Sessions_7441--logHome_IS_UNDEFINED_SESSIONRejectedSessions,56864,0.004654081070255311,0.5547298948592144,4,unmapped,Tomcat,application_server,session,counter,count,,sessions,requires_new_slot,medium,delta_then_log1p,"Requires new slot 'sessions'; semantic=session, unit=count, source=Tomcat"
Tomcat-Sessions_7441--UOCP_SESSIONActiveCounter,56864,0.004654081070255311,0.5593839759294698,4,unmapped,Tomcat,application_server,session,counter,count,,sessions,requires_new_slot,medium,delta_then_log1p,"Requires new slot 'sessions'; semantic=session, unit=count, source=Tomcat"
Tomcat-Sessions_7441--_SESSIONKeepaliveCounter,56862,0.004653917378602587,0.5640378933080723,4,unmapped,Tomcat,application_server,session,counter,count,,sessions,requires_new_slot,medium,delta_then_log1p,"Requires new slot 'sessions'; semantic=session, unit=count, source=Tomcat"
OSLinux-CPU_CPU-1_SingleCpuidle,54324,0.004446192671295539,0.5684840859793678,10,unmapped,OSLinux,host,cpu,unknown,unknown,,,manual_review,low,unknown,"semantic=cpu, unit=unknown, kind=unknown; cannot auto-classify"
OSLinux-CPU_CPU-3_SingleCpuidle,54303,0.004444473908941935,0.5729285598883098,10,unmapped,OSLinux,host,cpu,unknown,unknown,,,manual_review,low,unknown,"semantic=cpu, unit=unknown, kind=unknown; cannot auto-classify"
OSLinux-OSLinux_NETWORK_ens160_NETPacketsIn,49355,0.004039500760102189,0.576968060648412,9,unmapped,OSLinux,host,network,unknown,unknown,,os_network,requires_new_slot,medium,unknown,"Requires new slot 'os_network'; semantic=network, unit=unknown, source=OSLinux"
OSLinux-OSLinux_NETWORK_ens160_NETPacketsOut,49354,0.004039418914275827,0.5810074795626878,9,unmapped,OSLinux,host,network,unknown,unknown,,os_network,requires_new_slot,medium,unknown,"Requires new slot 'os_network'; semantic=network, unit=unknown, source=OSLinux"
OSLinux-OSLinux_NETWORK_ens160_NETKBTotalPerSec,49314,0.004036145081221343,0.5850436246439091,9,unmapped,OSLinux,host,network,gauge,bytes_per_second,,os_network,requires_new_slot,medium,unknown,"Requires new slot 'os_network'; semantic=network, unit=bytes_per_second, source=OSLinux"
OSLinux-CPU_CPU-3_SingleCpuUtil,46614,0.003815161350043632,0.5888587859939528,10,unmapped,OSLinux,host,cpu,ratio,percent,cpu,,map_safe_v2,high,unknown,"Maps to existing slot 'cpu'; semantic=cpu, unit=percent, source=OSLinux"
OSLinux-CPU_CPU-1_SingleCpuUtil,46573,0.003811805671162785,0.5926705916651156,10,unmapped,OSLinux,host,cpu,ratio,percent,cpu,,map_safe_v2,high,unknown,"Maps to existing slot 'cpu'; semantic=cpu, unit=percent, source=OSLinux"
OSLinux-OSLinux_NETWORK_ens160_NETOutErrPrcc,43749,0.0035806730575161723,0.5962512647226318,9,unmapped,OSLinux,host,network,unknown,unknown,,os_network,requires_new_slot,medium,unknown,"Requires new slot 'os_network'; semantic=network, unit=unknown, source=OSLinux"
OSLinux-OSLinux_NETWORK_ens160_NETInErrPrc,43730,0.003579117986815292,0.5998303827094471,9,unmapped,OSLinux,host,network,unknown,unknown,,os_network,requires_new_slot,medium,unknown,"Requires new slot 'os_network'; semantic=network, unit=unknown, source=OSLinux"
OSLinux-OSLinux_FILESYSTEM_-tomcat_FSCapacity,42903,0.003511431488413823,0.6033418141978609,9,unmapped,OSLinux,host,filesystem,gauge,unknown,,filesystem_usage,requires_new_slot,medium,unknown,"Requires new slot 'filesystem_usage'; semantic=filesystem, unit=unknown, source=OSLinux"
OSLinux-OSLinux_FILESYSTEM_-tomcat_FSInodeUsedPercent,42902,0.0035113496425874607,0.6068531638404484,9,unmapped,OSLinux,host,filesystem,ratio,percent,,filesystem_usage,requires_new_slot,medium,identity,"Requires new slot 'filesystem_usage'; semantic=filesystem, unit=percent, source=OSLinux"
Tomcat-Sessions_7441--log.Home_IS_UNDEFINED_SESSIONKeepaliveCounter,42487,0.003477383624647183,0.6103305474650956,3,unmapped,Tomcat,application_server,session,counter,count,,sessions,requires_new_slot,medium,delta_then_log1p,"Requires new slot 'sessions'; semantic=session, unit=count, source=Tomcat"
Tomcat-Sessions_7441--log.Home_IS_UNDEFINED_SESSIONActiveCounter,42487,0.003477383624647183,0.6138079310897429,3,unmapped,Tomcat,application_server,session,counter,count,,sessions,requires_new_slot,medium,delta_then_log1p,"Requires new slot 'sessions'; semantic=session, unit=count, source=Tomcat"
Tomcat-Sessions_7441--log.Home_IS_UNDEFINED_SESSIONRejectedSessions,42484,0.003477138087168097,0.617285069176911,3,unmapped,Tomcat,application_server,session,counter,count,,sessions,requires_new_slot,medium,delta_then_log1p,"Requires new slot 'sessions'; semantic=session, unit=count, source=Tomcat"
OSLinux-OSLinux_NETWORK_ens160_NETBandwidthUtil,40150,0.00328610992843892,0.6205711791053499,9,unmapped,OSLinux,host,network,rate,percent,,os_network,requires_new_slot,medium,log1p,"Requires new slot 'os_network'; semantic=network, unit=percent, source=OSLinux"
OSLinux-OSLinux_FILESYSTEM_-tomcat_FSUsedSpace,38847,0.0031794648166890843,0.6237506439220389,9,unmapped,OSLinux,host,filesystem,unknown,unknown,,filesystem_usage,requires_new_slot,medium,unknown,"Requires new slot 'filesystem_usage'; semantic=filesystem, unit=unknown, source=OSLinux"
OSLinux-OSLinux_NETWORK_ens160_NETOutErr,38844,0.003179219279209998,0.6269298632012489,9,unmapped,OSLinux,host,network,unknown,unknown,,os_network,requires_new_slot,medium,unknown,"Requires new slot 'os_network'; semantic=network, unit=unknown, source=OSLinux"
OSLinux-OSLinux_NETWORK_ens160_NETInErr,38844,0.003179219279209998,0.6301090824804588,9,unmapped,OSLinux,host,network,unknown,unknown,,os_network,requires_new_slot,medium,unknown,"Requires new slot 'os_network'; semantic=network, unit=unknown, source=OSLinux"
OSLinux-OSLinux_FILESYSTEM_-tomcat_FSAvailableSpace,38839,0.0031788100500781875,0.633287892530537,9,unmapped,OSLinux,host,filesystem,gauge,unknown,,filesystem_usage,requires_new_slot,medium,unknown,"Requires new slot 'filesystem_usage'; semantic=filesystem, unit=unknown, source=OSLinux"
OSLinux-OSLinux_LOCALDISK_LOCALDISK-sdb_DSKAvgServ,31522,0.0025799441385865912,0.6358678366691236,14,dropped,OSLinux,host,disk,unknown,unknown,,disk_io,requires_new_slot,medium,unknown,"Requires new slot 'disk_io'; semantic=disk, unit=unknown, source=OSLinux"
OSLinux-OSLinux_LOCALDISK_LOCALDISK-sda_DSKAvgServ,31515,0.0025793712178020563,0.6384472078869257,14,dropped,OSLinux,host,disk,unknown,unknown,,disk_io,requires_new_slot,medium,unknown,"Requires new slot 'disk_io'; semantic=disk, unit=unknown, source=OSLinux"
JVM-Memory_7779_JVM_Memory_NoHeapMemoryUsed,28755,0.002353476737042619,0.6408006846239683,2,dropped,JVM,jvm,memory,gauge,unknown,,jvm_mem,requires_new_slot,medium,unknown,"Requires new slot 'jvm_mem'; semantic=memory, unit=unknown, source=JVM"
JVM-Memory_7779_JVM_Memory_HeapMemoryUsed,28754,0.002353394891216257,0.6431540795151846,2,dropped,JVM,jvm,memory,gauge,unknown,,jvm_mem,requires_new_slot,medium,unknown,"Requires new slot 'jvm_mem'; semantic=memory, unit=unknown, source=JVM"
JVM-Memory_7779_JVM_Memory_HeapMemoryMax,28754,0.002353394891216257,0.6455074744064008,2,dropped,JVM,jvm,memory,gauge,unknown,,jvm_mem,requires_new_slot,medium,unknown,"Requires new slot 'jvm_mem'; semantic=memory, unit=unknown, source=JVM"
JVM-Threads_7779_JVM_ThreadCount_Threads,28752,0.0023532311995635327,0.6478607056059643,2,unmapped,JVM,jvm,thread,counter,count,,threads,requires_new_slot,medium,delta_then_log1p,"Requires new slot 'threads'; semantic=thread, unit=count, source=JVM"
JVM-Memory_7778_JVM_Memory_NoHeapMemoryUsed,28708,0.0023496299832035995,0.650210335589168,2,dropped,JVM,jvm,memory,gauge,unknown,,jvm_mem,requires_new_slot,medium,unknown,"Requires new slot 'jvm_mem'; semantic=memory, unit=unknown, source=JVM"
JVM-Memory_7778_JVM_Memory_HeapMemoryMax,28708,0.0023496299832035995,0.6525599655723716,2,dropped,JVM,jvm,memory,gauge,unknown,,jvm_mem,requires_new_slot,medium,unknown,"Requires new slot 'jvm_mem'; semantic=memory, unit=unknown, source=JVM"
JVM-Threads_7778_JVM_ThreadCount_Threads,28707,0.0023495481373772375,0.6549095137097488,2,unmapped,JVM,jvm,thread,counter,count,,threads,requires_new_slot,medium,delta_then_log1p,"Requires new slot 'threads'; semantic=thread, unit=count, source=JVM"
JVM-Memory_7778_JVM_Memory_HeapMemoryUsed,28706,0.002349466291550875,0.6572589800012997,2,dropped,JVM,jvm,memory,gauge,unknown,,jvm_mem,requires_new_slot,medium,unknown,"Requires new slot 'jvm_mem'; semantic=memory, unit=unknown, source=JVM"
redis-Redis_6379_Redis  (redis_git_dirty),23658,0.0019363085600749184,0.6591952885613745,2,unmapped,Redis,cache,cache,unknown,unknown,,cache_metrics,requires_new_slot,medium,unknown,"Requires new slot 'cache_metrics'; semantic=cache, unit=unknown, source=Redis"
redis-Redis_6379_Redis  (instantaneous_ops_per_sec),23657,0.0019362267142485562,0.6611315152756231,2,unmapped,Redis,cache,cache,rate,seconds,,cache_metrics,requires_new_slot,medium,log1p,"Requires new slot 'cache_metrics'; semantic=cache, unit=seconds, source=Redis"
redis-Redis_6379_Redis  (keyspace_hits),23657,0.0019362267142485562,0.6630677419898716,2,unmapped,Redis,cache,cache,counter,count,,cache_metrics,requires_new_slot,medium,delta_then_log1p,"Requires new slot 'cache_metrics'; semantic=cache, unit=count, source=Redis"
redis-Redis_6379_Redis  (latest_fork_usec),23657,0.0019362267142485562,0.6650039687041202,2,unmapped,Redis,cache,cache,unknown,seconds,,cache_metrics,requires_new_slot,medium,unknown,"Requires new slot 'cache_metrics'; semantic=cache, unit=seconds, source=Redis"
redis-Redis_6379_Redis  (aof_enabled),23657,0.0019362267142485562,0.6669401954183687,2,unmapped,Redis,cache,cache,unknown,unknown,,cache_metrics,requires_new_slot,medium,unknown,"Requires new slot 'cache_metrics'; semantic=cache, unit=unknown, source=Redis"
redis-Redis_6379_Redis  (used_memory_rss),23657,0.0019362267142485562,0.6688764221326172,2,unmapped,Redis,cache,memory,gauge,unknown,,,manual_review,low,unknown,"semantic=memory, unit=unknown, kind=gauge; cannot auto-classify"
redis-Redis_6379_redis server,23657,0.0019362267142485562,0.6708126488468658,2,unmapped,Redis,cache,cache,unknown,unknown,,cache_metrics,requires_new_slot,medium,unknown,"Requires new slot 'cache_metrics'; semantic=cache, unit=unknown, source=Redis"
redis-Redis_6379_Redis  (evicted_keys),23656,0.001936144868422194,0.672748793715288,2,unmapped,Redis,cache,cache,unknown,unknown,,cache_metrics,requires_new_slot,medium,unknown,"Requires new slot 'cache_metrics'; semantic=cache, unit=unknown, source=Redis"
redis-Redis_6379_Redis  (loading),23656,0.001936144868422194,0.6746849385837101,2,unmapped,Redis,cache,cache,gauge,unknown,,cache_metrics,requires_new_slot,medium,unknown,"Requires new slot 'cache_metrics'; semantic=cache, unit=unknown, source=Redis"
redis-Redis_6379_Redis  (total_connections_received),23656,0.001936144868422194,0.6766210834521323,2,unmapped,Redis,cache,connection,counter,count,,,manual_review,low,delta_then_log1p,"semantic=connection, unit=count, kind=counter; cannot auto-classify"
redis-Redis_6379_Redis  (blocked_clients),23656,0.001936144868422194,0.6785572283205545,2,unmapped,Redis,cache,database_io,unknown,count,,,manual_review,low,log1p,"semantic=database_io, unit=count, kind=unknown; cannot auto-classify"
redis-Redis_6379_Redis  (aof_rewrite_in_progress),23656,0.001936144868422194,0.6804933731889767,2,unmapped,Redis,cache,cache,unknown,unknown,,cache_metrics,requires_new_slot,medium,unknown,"Requires new slot 'cache_metrics'; semantic=cache, unit=unknown, source=Redis"
redis-Redis_6379_Redis  (connected_clients),23655,0.0019360630225958321,0.6824294362115726,2,unmapped,Redis,cache,connection,counter,count,,,manual_review,low,delta_then_log1p,"semantic=connection, unit=count, kind=counter; cannot auto-classify"
redis-Redis_6379_Redis  (connected_slaves),23655,0.0019360630225958321,0.6843654992341685,2,unmapped,Redis,cache,connection,counter,count,,,manual_review,low,delta_then_log1p,"semantic=connection, unit=count, kind=counter; cannot auto-classify"
redis-Redis_6379_Redis  (keyspace_misses),23655,0.0019360630225958321,0.6863015622567643,2,unmapped,Redis,cache,cache,counter,count,,cache_metrics,requires_new_slot,medium,delta_then_log1p,"Requires new slot 'cache_metrics'; semantic=cache, unit=count, source=Redis"
redis-Redis_6379_Redis  (lru_clock),23655,0.0019360630225958321,0.6882376252793602,2,unmapped,Redis,cache,database_io,unknown,count,,,manual_review,low,log1p,"semantic=database_io, unit=count, kind=unknown; cannot auto-classify"
redis-Redis_6379_Redis  (rejected_connections),23655,0.0019360630225958321,0.690173688301956,2,unmapped,Redis,cache,connection,counter,count,,,manual_review,low,delta_then_log1p,"semantic=connection, unit=count, kind=counter; cannot auto-classify"
redis-Redis_6379_Redis  (used_memory),23655,0.0019360630225958321,0.6921097513245519,2,unmapped,Redis,cache,memory,gauge,unknown,,,manual_review,low,unknown,"semantic=memory, unit=unknown, kind=gauge; cannot auto-classify"
redis-Redis_6379_Redis  (used_memory_peak),23655,0.0019360630225958321,0.6940458143471477,2,unmapped,Redis,cache,memory,gauge,unknown,,,manual_review,low,unknown,"semantic=memory, unit=unknown, kind=gauge; cannot auto-classify"
redis-Redis_6379_Redis  (aof_rewrite_scheduled),23655,0.0019360630225958321,0.6959818773697436,2,unmapped,Redis,cache,cache,unknown,unknown,,cache_metrics,requires_new_slot,medium,unknown,"Requires new slot 'cache_metrics'; semantic=cache, unit=unknown, source=Redis"
redis-Redis_6379_Redis  (pubsub_channels),23654,0.00193598117676947,0.6979178585465131,2,unmapped,Redis,cache,cache,unknown,unknown,,cache_metrics,requires_new_slot,medium,unknown,"Requires new slot 'cache_metrics'; semantic=cache, unit=unknown, source=Redis"
redis-Redis_6379_Redis  (rdb_changes_since_last_save),23654,0.00193598117676947,0.6998538397232826,2,unmapped,Redis,cache,cache,unknown,unknown,,cache_metrics,requires_new_slot,medium,unknown,"Requires new slot 'cache_metrics'; semantic=cache, unit=unknown, source=Redis"
redis-Redis_6379_Redis  (total_commands_processed),23654,0.00193598117676947,0.7017898209000522,2,unmapped,Redis,cache,cache,counter,count,,cache_metrics,requires_new_slot,medium,delta_then_log1p,"Requires new slot 'cache_metrics'; semantic=cache, unit=count, source=Redis"
redis-Redis_6379_Redis  (uptime_in_seconds),23654,0.00193598117676947,0.7037258020768217,2,unmapped,Redis,cache,cache,duration,milliseconds,,cache_metrics,requires_new_slot,medium,unknown,"Requires new slot 'cache_metrics'; semantic=cache, unit=milliseconds, source=Redis"
redis-Redis_6379_Redis  (rdb_bgsave_in_progress),23654,0.00193598117676947,0.7056617832535912,2,unmapped,Redis,cache,cache,unknown,unknown,,cache_metrics,requires_new_slot,medium,unknown,"Requires new slot 'cache_metrics'; semantic=cache, unit=unknown, source=Redis"
redis-Redis_6379_Redis  (expired_keys),23653,0.0019358993309431078,0.7075976825845343,2,unmapped,Redis,cache,cache,unknown,unknown,,cache_metrics,requires_new_slot,medium,unknown,"Requires new slot 'cache_metrics'; semantic=cache, unit=unknown, source=Redis"
redis-Redis_6379_Redis  (maxmemory),23628,0.001933853185284055,0.7095315357698183,2,unmapped,Redis,cache,cache,gauge,unknown,,cache_metrics,requires_new_slot,medium,unknown,"Requires new slot 'cache_metrics'; semantic=cache, unit=unknown, source=Redis"
redis-Redis_6379_Redis  (used_cpu_sys),23456,0.0019197757031497711,0.711451311472968,2,unmapped,Redis,cache,cpu,unknown,unknown,,,manual_review,low,unknown,"semantic=cpu, unit=unknown, kind=unknown; cannot auto-classify"
redis-Redis_6379_Redis  (used_cpu_user),23456,0.0019197757031497711,0.7133710871761177,2,unmapped,Redis,cache,cpu,unknown,unknown,,,manual_review,low,unknown,"semantic=cpu, unit=unknown, kind=unknown; cannot auto-classify"
redis-Redis_6379_Redis  (used_cpu_user_children),23456,0.0019197757031497711,0.7152908628792675,2,unmapped,Redis,cache,cpu,unknown,unknown,,,manual_review,low,unknown,"semantic=cpu, unit=unknown, kind=unknown; cannot auto-classify"
redis-Redis_6379_Redis  (mem_fragmentation_ratio),23455,0.001919693857323409,0.7172105567365908,2,unmapped,Redis,cache,memory,ratio,ratio,,,manual_review,low,unknown,"semantic=memory, unit=ratio, kind=ratio; cannot auto-classify"
redis-Redis_6379_Redis  (used_cpu_sys_children),23454,0.0019196120114970468,0.7191301687480879,2,unmapped,Redis,cache,cpu,unknown,unknown,,,manual_review,low,unknown,"semantic=cpu, unit=unknown, kind=unknown; cannot auto-classify"
Mysql-MySQL_3306_GetResponseTimeOfMysqld,22110,0.0018096112208663643,0.7209397799689542,2,unmapped,MySQL,database,latency,duration,milliseconds,,db_latency,requires_new_slot,medium,unknown,"Requires new slot 'db_latency'; semantic=latency, unit=milliseconds, source=MySQL"
Mysql-MySQL_3306_GetConnectedStateOfMysqld,22103,0.0018090383000818294,0.722748818269036,2,unmapped,MySQL,database,connection,counter,count,,,manual_review,low,delta_then_log1p,"semantic=connection, unit=count, kind=counter; cannot auto-classify"
OSLinux-OSLinux_PROCESS_apache_10001_PROCPPCount,21778,0.0017824384065141421,0.7245312566755502,2,unmapped,OSLinux,host,process,counter,count,,process_health,requires_new_slot,medium,delta_then_log1p,"Requires new slot 'process_health'; semantic=process, unit=count, source=OSLinux"
Mysql-MySQL_3306_Com Update,21598,0.0017677061577689613,0.7262989628333192,2,unmapped,MySQL,database,database_io,counter,count,,mysql_io,requires_new_slot,medium,delta_then_log1p,"Requires new slot 'mysql_io'; semantic=database_io, unit=count, source=MySQL"
Mysql-MySQL_3306_Com Replace Select,21598,0.0017677061577689613,0.7280666689910882,2,unmapped,MySQL,database,database_io,unknown,unknown,,mysql_io,requires_new_slot,medium,unknown,"Requires new slot 'mysql_io'; semantic=database_io, unit=unknown, source=MySQL"
Mysql-MySQL_3306_Bytes Sent,21598,0.0017677061577689613,0.7298343751488572,2,unmapped,MySQL,database,database_io,rate,bytes,,mysql_io,requires_new_slot,medium,log1p,"Requires new slot 'mysql_io'; semantic=database_io, unit=bytes, source=MySQL"
Mysql-MySQL_3306_Aborted Clients,21598,0.0017677061577689613,0.7316020813066262,2,unmapped,MySQL,database,connection,counter,count,,,manual_review,low,delta_then_log1p,"semantic=connection, unit=count, kind=counter; cannot auto-classify"
Mysql-MySQL_3306_Handler Delete,21597,0.0017676243119425993,0.7333697056185687,2,unmapped,MySQL,database,database_io,counter,count,,mysql_io,requires_new_slot,medium,delta_then_log1p,"Requires new slot 'mysql_io'; semantic=database_io, unit=count, source=MySQL"
Mysql-MySQL_3306_Created Tmp Disk Tables,21597,0.0017676243119425993,0.7351373299305113,2,unmapped,MySQL,database,disk,counter,count,,disk_io,requires_new_slot,medium,delta_then_log1p,"Requires new slot 'disk_io'; semantic=disk, unit=count, source=MySQL"
Mysql-MySQL_3306_Com Update Multi,21597,0.0017676243119425993,0.7369049542424538,2,unmapped,MySQL,database,database_io,counter,count,,mysql_io,requires_new_slot,medium,delta_then_log1p,"Requires new slot 'mysql_io'; semantic=database_io, unit=count, source=MySQL"
Mysql-MySQL_3306_Com Insert,21597,0.0017676243119425993,0.7386725785543964,2,unmapped,MySQL,database,database_io,counter,count,,mysql_io,requires_new_slot,medium,delta_then_log1p,"Requires new slot 'mysql_io'; semantic=database_io, unit=count, source=MySQL"
Mysql-MySQL_3306_Binlog stmt cache use,21597,0.0017676243119425993,0.7404402028663389,2,unmapped,MySQL,database,database_io,unknown,count,,mysql_io,requires_new_slot,medium,log1p,"Requires new slot 'mysql_io'; semantic=database_io, unit=count, source=MySQL"
Mysql-MySQL_3306_Binlog stmt cache disk use,21597,0.0017676243119425993,0.7422078271782815,2,unmapped,MySQL,database,disk,unknown,count,,disk_io,requires_new_slot,medium,log1p,"Requires new slot 'disk_io'; semantic=disk, unit=count, source=MySQL"
Mysql-MySQL_3306_Binlog Cache Use,21597,0.0017676243119425993,0.743975451490224,2,unmapped,MySQL,database,database_io,unknown,count,,mysql_io,requires_new_slot,medium,log1p,"Requires new slot 'mysql_io'; semantic=database_io, unit=count, source=MySQL"
Mysql-MySQL_3306_Binlog Cache Disk Use,21597,0.0017676243119425993,0.7457430758021666,2,unmapped,MySQL,database,disk,unknown,count,,disk_io,requires_new_slot,medium,log1p,"Requires new slot 'disk_io'; semantic=disk, unit=count, source=MySQL"
Mysql-MySQL_3306_Handler Savepoint Rollback,21596,0.0017675424661162372,0.7475106182682828,2,unmapped,MySQL,database,database_io,counter,count,,mysql_io,requires_new_slot,medium,delta_then_log1p,"Requires new slot 'mysql_io'; semantic=database_io, unit=count, source=MySQL"
Mysql-MySQL_3306_Created Tmp Tables,21596,0.0017675424661162372,0.749278160734399,2,unmapped,MySQL,database,database_io,counter,count,,mysql_io,requires_new_slot,medium,delta_then_log1p,"Requires new slot 'mysql_io'; semantic=database_io, unit=count, source=MySQL"
Mysql-MySQL_3306_Created Tmp Files,21596,0.0017675424661162372,0.7510457032005152,2,unmapped,MySQL,database,database_io,counter,count,,mysql_io,requires_new_slot,medium,delta_then_log1p,"Requires new slot 'mysql_io'; semantic=database_io, unit=count, source=MySQL"
Mysql-MySQL_3306_Connections,21596,0.0017675424661162372,0.7528132456666314,2,dropped,MySQL,database,connection,counter,count,,,manual_review,low,delta_then_log1p,"semantic=connection, unit=count, kind=counter; cannot auto-classify"
Mysql-MySQL_3306_Com Select,21596,0.0017675424661162372,0.7545807881327476,2,unmapped,MySQL,database,database_io,unknown,unknown,,mysql_io,requires_new_slot,medium,unknown,"Requires new slot 'mysql_io'; semantic=database_io, unit=unknown, source=MySQL"
Mysql-MySQL_3306_Com Replace,21596,0.0017675424661162372,0.7563483305988639,2,unmapped,MySQL,database,database_io,unknown,unknown,,mysql_io,requires_new_slot,medium,unknown,"Requires new slot 'mysql_io'; semantic=database_io, unit=unknown, source=MySQL"
Mysql-MySQL_3306_Com Load,21596,0.0017675424661162372,0.7581158730649801,2,unmapped,MySQL,database,database_io,gauge,unknown,,mysql_io,requires_new_slot,medium,unknown,"Requires new slot 'mysql_io'; semantic=database_io, unit=unknown, source=MySQL"
Mysql-MySQL_3306_Com Delete,21596,0.0017675424661162372,0.7598834155310963,2,unmapped,MySQL,database,database_io,counter,count,,mysql_io,requires_new_slot,medium,delta_then_log1p,"Requires new slot 'mysql_io'; semantic=database_io, unit=count, source=MySQL"
Mysql-MySQL_3306_Aborted Connects,21596,0.0017675424661162372,0.7616509579972125,2,unmapped,MySQL,database,connection,counter,count,,,manual_review,low,delta_then_log1p,"semantic=connection, unit=count, kind=counter; cannot auto-classify"
Mysql-MySQL_3306_Table Locks Waited,21596,0.0017675424661162372,0.7634185004633287,2,unmapped,MySQL,database,database_io,unknown,count,,mysql_io,requires_new_slot,medium,log1p,"Requires new slot 'mysql_io'; semantic=database_io, unit=count, source=MySQL"
Mysql-MySQL_3306_Tc log max pages used,21596,0.0017675424661162372,0.7651860429294449,2,unmapped,MySQL,database,database_io,gauge,unknown,,mysql_io,requires_new_slot,medium,unknown,"Requires new slot 'mysql_io'; semantic=database_io, unit=unknown, source=MySQL"
Mysql-MySQL_3306_Threads Cached,21596,0.0017675424661162372,0.7669535853955611,2,unmapped,MySQL,database,thread,counter,count,,threads,requires_new_slot,medium,delta_then_log1p,"Requires new slot 'threads'; semantic=thread, unit=count, source=MySQL"
Mysql-MySQL_3306_max trx lock memory bytes,21596,0.0017675424661162372,0.7687211278616773,2,unmapped,MySQL,database,memory,gauge,bytes,,,manual_review,low,unknown,"semantic=memory, unit=bytes, kind=gauge; cannot auto-classify"
Mysql-MySQL_3306_Innodb buffer pool pages total,21595,0.001767460620289875,0.7704885884819672,2,dropped,MySQL,database,database_io,gauge,count,,mysql_io,requires_new_slot,medium,log1p,"Requires new slot 'mysql_io'; semantic=database_io, unit=count, source=MySQL"
Mysql-MySQL_3306_Innodb buffer pool pages dirty,21595,0.001767460620289875,0.7722560491022571,2,dropped,MySQL,database,database_io,gauge,unknown,,mysql_io,requires_new_slot,medium,unknown,"Requires new slot 'mysql_io'; semantic=database_io, unit=unknown, source=MySQL"
Mysql-MySQL_3306_Handler Rollback,21595,0.001767460620289875,0.774023509722547,2,unmapped,MySQL,database,database_io,counter,count,,mysql_io,requires_new_slot,medium,delta_then_log1p,"Requires new slot 'mysql_io'; semantic=database_io, unit=count, source=MySQL"
Mysql-MySQL_3306_Handler Read Rnd Next,21595,0.001767460620289875,0.7757909703428368,2,unmapped,MySQL,database,database_io,unknown,count,,mysql_io,requires_new_slot,medium,log1p,"Requires new slot 'mysql_io'; semantic=database_io, unit=count, source=MySQL"
Mysql-MySQL_3306_Handler Read Next,21595,0.001767460620289875,0.7775584309631267,2,unmapped,MySQL,database,database_io,unknown,count,,mysql_io,requires_new_slot,medium,log1p,"Requires new slot 'mysql_io'; semantic=database_io, unit=count, source=MySQL"
Mysql-MySQL_3306_MaxTrxRowsModified,21595,0.001767460620289875,0.7793258915834166,2,unmapped,MySQL,database,database_io,unknown,count,,mysql_io,requires_new_slot,medium,log1p,"Requires new slot 'mysql_io'; semantic=database_io, unit=count, source=MySQL"
Mysql-MySQL_3306_Max trx rows locked,21595,0.001767460620289875,0.7810933522037065,2,unmapped,MySQL,database,database_io,unknown,count,,mysql_io,requires_new_slot,medium,log1p,"Requires new slot 'mysql_io'; semantic=database_io, unit=count, source=MySQL"
Mysql-MySQL_3306_LongestTrxActiveTime,21595,0.001767460620289875,0.7828608128239963,2,unmapped,MySQL,database,database_io,duration,milliseconds,,mysql_io,requires_new_slot,medium,unknown,"Requires new slot 'mysql_io'; semantic=database_io, unit=milliseconds, source=MySQL"
Mysql-MySQL_3306_Handler Read First,21595,0.001767460620289875,0.7846282734442862,2,unmapped,MySQL,database,database_io,unknown,count,,mysql_io,requires_new_slot,medium,log1p,"Requires new slot 'mysql_io'; semantic=database_io, unit=count, source=MySQL"
Mysql-MySQL_3306_Handler Commit,21595,0.001767460620289875,0.7863957340645761,2,unmapped,MySQL,database,database_io,unknown,count,,mysql_io,requires_new_slot,medium,log1p,"Requires new slot 'mysql_io'; semantic=database_io, unit=count, source=MySQL"
Mysql-MySQL_3306_Com Insert Select,21595,0.001767460620289875,0.788163194684866,2,unmapped,MySQL,database,database_io,counter,count,,mysql_io,requires_new_slot,medium,delta_then_log1p,"Requires new slot 'mysql_io'; semantic=database_io, unit=count, source=MySQL"
Mysql-MySQL_3306_Com Delete Multi,21595,0.001767460620289875,0.7899306553051558,2,unmapped,MySQL,database,database_io,counter,count,,mysql_io,requires_new_slot,medium,delta_then_log1p,"Requires new slot 'mysql_io'; semantic=database_io, unit=count, source=MySQL"
Mysql-MySQL_3306_Table open cache misses,21595,0.001767460620289875,0.7916981159254457,2,unmapped,MySQL,database,database_io,counter,count,,mysql_io,requires_new_slot,medium,delta_then_log1p,"Requires new slot 'mysql_io'; semantic=database_io, unit=count, source=MySQL"
Mysql-MySQL_3306_ThreadsRunning,21595,0.001767460620289875,0.7934655765457356,2,unmapped,MySQL,database,thread,counter,count,,threads,requires_new_slot,medium,delta_then_log1p,"Requires new slot 'threads'; semantic=thread, unit=count, source=MySQL"
Mysql-MySQL_3306_Innodb buffer pool write requests,21594,0.0017673787744635129,0.7952329553201991,2,dropped,MySQL,database,request,gauge,count,,,manual_review,low,log1p,"semantic=request, unit=count, kind=gauge; cannot auto-classify"
Mysql-MySQL_3306_Handler Write,21594,0.0017673787744635129,0.7970003340946626,2,unmapped,MySQL,database,database_io,unknown,count,,mysql_io,requires_new_slot,medium,log1p,"Requires new slot 'mysql_io'; semantic=database_io, unit=count, source=MySQL"
Mysql-MySQL_3306_Handler Update,21594,0.0017673787744635129,0.7987677128691262,2,unmapped,MySQL,database,database_io,counter,count,,mysql_io,requires_new_slot,medium,delta_then_log1p,"Requires new slot 'mysql_io'; semantic=database_io, unit=count, source=MySQL"
Mysql-MySQL_3306_Handler Savepoint,21594,0.0017673787744635129,0.8005350916435897,2,unmapped,MySQL,database,database_io,counter,count,,mysql_io,requires_new_slot,medium,delta_then_log1p,"Requires new slot 'mysql_io'; semantic=database_io, unit=count, source=MySQL"
Mysql-MySQL_3306_Handler Read Rnd,21594,0.0017673787744635129,0.8023024704180532,2,unmapped,MySQL,database,database_io,unknown,count,,mysql_io,requires_new_slot,medium,log1p,"Requires new slot 'mysql_io'; semantic=database_io, unit=count, source=MySQL"
Mysql-MySQL_3306_Innodb buffer pool pages free,21594,0.0017673787744635129,0.8040698491925168,2,dropped,MySQL,database,database_io,gauge,unknown,,mysql_io,requires_new_slot,medium,unknown,"Requires new slot 'mysql_io'; semantic=database_io, unit=unknown, source=MySQL"
Mysql-MySQL_3306_CurrentSQLMaxRunningTime,21594,0.0017673787744635129,0.8058372279669803,2,unmapped,MySQL,database,database_io,duration,milliseconds,,mysql_io,requires_new_slot,medium,unknown,"Requires new slot 'mysql_io'; semantic=database_io, unit=milliseconds, source=MySQL"
Mysql-MySQL_3306_Table Locks Immediate,21594,0.0017673787744635129,0.8076046067414439,2,unmapped,MySQL,database,database_io,unknown,count,,mysql_io,requires_new_slot,medium,log1p,"Requires new slot 'mysql_io'; semantic=database_io, unit=count, source=MySQL"
Mysql-MySQL_3306_Table open cache overflows,21594,0.0017673787744635129,0.8093719855159074,2,unmapped,MySQL,database,database_io,unknown,unknown,,mysql_io,requires_new_slot,medium,unknown,"Requires new slot 'mysql_io'; semantic=database_io, unit=unknown, source=MySQL"
Mysql-MySQL_3306_Tc log page waits,21594,0.0017673787744635129,0.8111393642903709,2,unmapped,MySQL,database,database_io,counter,count,,mysql_io,requires_new_slot,medium,delta_then_log1p,"Requires new slot 'mysql_io'; semantic=database_io, unit=count, source=MySQL"
Mysql-MySQL_3306_ThreadsConnected,21594,0.0017673787744635129,0.8129067430648345,2,unmapped,MySQL,database,thread,counter,count,,threads,requires_new_slot,medium,delta_then_log1p,"Requires new slot 'threads'; semantic=thread, unit=count, source=MySQL"
Mysql-MySQL_3306_Threads Created,21594,0.0017673787744635129,0.814674121839298,2,unmapped,MySQL,database,thread,counter,count,,threads,requires_new_slot,medium,delta_then_log1p,"Requires new slot 'threads'; semantic=thread, unit=count, source=MySQL"
Mysql-MySQL_3306_Innodb data pending fsyncs,21593,0.0017672969286371507,0.8164414187679352,2,dropped,MySQL,database,database_io,counter,count,,mysql_io,requires_new_slot,medium,delta_then_log1p,"Requires new slot 'mysql_io'; semantic=database_io, unit=count, source=MySQL"
Mysql-MySQL_3306_Innodb buffer pool reads,21593,0.0017672969286371507,0.8182087156965724,2,dropped,MySQL,database,database_io,counter,count,,mysql_io,requires_new_slot,medium,delta_then_log1p,"Requires new slot 'mysql_io'; semantic=database_io, unit=count, source=MySQL"
Mysql-MySQL_3306_Innodb buffer pool read ahead rnd,21593,0.0017672969286371507,0.8199760126252096,2,dropped,MySQL,database,database_io,gauge,unknown,,mysql_io,requires_new_slot,medium,unknown,"Requires new slot 'mysql_io'; semantic=database_io, unit=unknown, source=MySQL"
Mysql-MySQL_3306_Innodb buffer pool read ahead evicted,21593,0.0017672969286371507,0.8217433095538468,2,dropped,MySQL,database,database_io,gauge,unknown,,mysql_io,requires_new_slot,medium,unknown,"Requires new slot 'mysql_io'; semantic=database_io, unit=unknown, source=MySQL"
Mysql-MySQL_3306_Innodb buffer pool pages flushed,21593,0.0017672969286371507,0.823510606482484,2,dropped,MySQL,database,database_io,counter,count,,mysql_io,requires_new_slot,medium,delta_then_log1p,"Requires new slot 'mysql_io'; semantic=database_io, unit=count, source=MySQL"
Mysql-MySQL_3306_Handler Read Prev,21593,0.0017672969286371507,0.8252779034111212,2,unmapped,MySQL,database,database_io,unknown,count,,mysql_io,requires_new_slot,medium,log1p,"Requires new slot 'mysql_io'; semantic=database_io, unit=count, source=MySQL"
Mysql-MySQL_3306_Handler Read Key,21593,0.0017672969286371507,0.8270452003397584,2,unmapped,MySQL,database,database_io,unknown,count,,mysql_io,requires_new_slot,medium,log1p,"Requires new slot 'mysql_io'; semantic=database_io, unit=count, source=MySQL"
Mysql-MySQL_3306_Table open cache hits,21593,0.0017672969286371507,0.8288124972683956,2,unmapped,MySQL,database,database_io,counter,count,,mysql_io,requires_new_slot,medium,delta_then_log1p,"Requires new slot 'mysql_io'; semantic=database_io, unit=count, source=MySQL"
Mysql-MySQL_3306_Select Range Check,21593,0.0017672969286371507,0.8305797941970328,2,unmapped,MySQL,database,database_io,unknown,unknown,,mysql_io,requires_new_slot,medium,unknown,"Requires new slot 'mysql_io'; semantic=database_io, unit=unknown, source=MySQL"
Mysql-MySQL_3306_Qcache Total Blocks,21593,0.0017672969286371507,0.83234709112567,2,unmapped,MySQL,database,database_io,gauge,count,,mysql_io,requires_new_slot,medium,log1p,"Requires new slot 'mysql_io'; semantic=database_io, unit=count, source=MySQL"
Mysql-MySQL_3306_Innodb data fsyncs,21592,0.0017672150828107888,0.8341143062084807,2,dropped,MySQL,database,database_io,unknown,unknown,,mysql_io,requires_new_slot,medium,unknown,"Requires new slot 'mysql_io'; semantic=database_io, unit=unknown, source=MySQL"
Mysql-MySQL_3306_Innodb buffer pool wait free,21592,0.0017672150828107888,0.8358815212912915,2,dropped,MySQL,database,database_io,gauge,unknown,,mysql_io,requires_new_slot,medium,unknown,"Requires new slot 'mysql_io'; semantic=database_io, unit=unknown, source=MySQL"
Mysql-MySQL_3306_Innodb buffer pool read ahead,21592,0.0017672150828107888,0.8376487363741022,2,dropped,MySQL,database,database_io,gauge,unknown,,mysql_io,requires_new_slot,medium,unknown,"Requires new slot 'mysql_io'; semantic=database_io, unit=unknown, source=MySQL"
Mysql-MySQL_3306_Sort Rows,21592,0.0017672150828107888,0.839415951456913,2,unmapped,MySQL,database,database_io,unknown,count,,mysql_io,requires_new_slot,medium,log1p,"Requires new slot 'mysql_io'; semantic=database_io, unit=count, source=MySQL"
Mysql-MySQL_3306_Sort Merge Passes,21592,0.0017672150828107888,0.8411831665397237,2,unmapped,MySQL,database,database_io,unknown,count,,mysql_io,requires_new_slot,medium,log1p,"Requires new slot 'mysql_io'; semantic=database_io, unit=count, source=MySQL"
Mysql-MySQL_3306_SlowQueries,21592,0.0017672150828107888,0.8429503816225344,2,unmapped,MySQL,database,database_io,unknown,count,,mysql_io,requires_new_slot,medium,log1p,"Requires new slot 'mysql_io'; semantic=database_io, unit=count, source=MySQL"
Mysql-MySQL_3306_Slow launch threads,21592,0.0017672150828107888,0.8447175967053452,2,unmapped,MySQL,database,thread,counter,count,,threads,requires_new_slot,medium,delta_then_log1p,"Requires new slot 'threads'; semantic=thread, unit=count, source=MySQL"
Mysql-MySQL_3306_Select Full Range Join,21592,0.0017672150828107888,0.8464848117881559,2,unmapped,MySQL,database,database_io,unknown,unknown,,mysql_io,requires_new_slot,medium,unknown,"Requires new slot 'mysql_io'; semantic=database_io, unit=unknown, source=MySQL"
Mysql-MySQL_3306_Qcache Lowmem Prunes,21592,0.0017672150828107888,0.8482520268709667,2,unmapped,MySQL,database,database_io,unknown,count,,mysql_io,requires_new_slot,medium,log1p,"Requires new slot 'mysql_io'; semantic=database_io, unit=count, source=MySQL"
Mysql-MySQL_3306_Innodb data pending reads,21591,0.0017671332369844266,0.8500191601079511,2,dropped,MySQL,database,database_io,counter,count,,mysql_io,requires_new_slot,medium,delta_then_log1p,"Requires new slot 'mysql_io'; semantic=database_io, unit=count, source=MySQL"
Mysql-MySQL_3306_Innodb buffer pool read requests,21591,0.0017671332369844266,0.8517862933449355,2,dropped,MySQL,database,request,gauge,count,,,manual_review,low,log1p,"semantic=request, unit=count, kind=gauge; cannot auto-classify"
Mysql-MySQL_3306_Innodb data read,21591,0.0017671332369844266,0.8535534265819199,2,dropped,MySQL,database,database_io,unknown,unknown,,mysql_io,requires_new_slot,medium,unknown,"Requires new slot 'mysql_io'; semantic=database_io, unit=unknown, source=MySQL"
Mysql-MySQL_3306_MySQL  Queries,21591,0.0017671332369844266,0.8553205598189043,2,unmapped,MySQL,database,database_io,unknown,count,,mysql_io,requires_new_slot,medium,log1p,"Requires new slot 'mysql_io'; semantic=database_io, unit=count, source=MySQL"
Mysql-MySQL_3306_Innodb row lock current waits,21591,0.0017671332369844266,0.8570876930558887,2,dropped,MySQL,database,database_io,counter,count,,mysql_io,requires_new_slot,medium,delta_then_log1p,"Requires new slot 'mysql_io'; semantic=database_io, unit=count, source=MySQL"
Mysql-MySQL_3306_Slave Open Temp Tables,21591,0.0017671332369844266,0.8588548262928731,2,unmapped,MySQL,database,database_io,unknown,unknown,,mysql_io,requires_new_slot,medium,unknown,"Requires new slot 'mysql_io'; semantic=database_io, unit=unknown, source=MySQL"
Mysql-MySQL_3306_Select Scan,21591,0.0017671332369844266,0.8606219595298575,2,unmapped,MySQL,database,database_io,unknown,unknown,,mysql_io,requires_new_slot,medium,unknown,"Requires new slot 'mysql_io'; semantic=database_io, unit=unknown, source=MySQL"
Mysql-MySQL_3306_Select Full Join,21591,0.0017671332369844266,0.862389092766842,2,unmapped,MySQL,database,database_io,unknown,unknown,,mysql_io,requires_new_slot,medium,unknown,"Requires new slot 'mysql_io'; semantic=database_io, unit=unknown, source=MySQL"
Mysql-MySQL_3306_Questions,21591,0.0017671332369844266,0.8641562260038264,2,dropped,MySQL,database,database_io,unknown,unknown,,mysql_io,requires_new_slot,medium,unknown,"Requires new slot 'mysql_io'; semantic=database_io, unit=unknown, source=MySQL"
Mysql-MySQL_3306_Qcache Queries In Cache,21591,0.0017671332369844266,0.8659233592408108,2,unmapped,MySQL,database,database_io,gauge,count,,mysql_io,requires_new_slot,medium,log1p,"Requires new slot 'mysql_io'; semantic=database_io, unit=count, source=MySQL"
Mysql-MySQL_3306_Qcache Not Cached,21591,0.0017671332369844266,0.8676904924777952,2,unmapped,MySQL,database,database_io,unknown,count,,mysql_io,requires_new_slot,medium,log1p,"Requires new slot 'mysql_io'; semantic=database_io, unit=count, source=MySQL"
Mysql-MySQL_3306_Qcache Inserts,21591,0.0017671332369844266,0.8694576257147796,2,unmapped,MySQL,database,database_io,counter,count,,mysql_io,requires_new_slot,medium,delta_then_log1p,"Requires new slot 'mysql_io'; semantic=database_io, unit=count, source=MySQL"
Mysql-MySQL_3306_Select Range,21591,0.0017671332369844266,0.871224758951764,2,unmapped,MySQL,database,database_io,unknown,unknown,,mysql_io,requires_new_slot,medium,unknown,"Requires new slot 'mysql_io'; semantic=database_io, unit=unknown, source=MySQL"
Mysql-MySQL_3306_Innodb data pending writes,21590,0.0017670513911580644,0.8729918103429221,2,dropped,MySQL,database,database_io,counter,count,,mysql_io,requires_new_slot,medium,delta_then_log1p,"Requires new slot 'mysql_io'; semantic=database_io, unit=count, source=MySQL"
Mysql-MySQL_3306_Innodb Row Lock Waits,21590,0.0017670513911580644,0.8747588617340801,2,dropped,MySQL,database,database_io,counter,count,,mysql_io,requires_new_slot,medium,delta_then_log1p,"Requires new slot 'mysql_io'; semantic=database_io, unit=count, source=MySQL"
Mysql-MySQL_3306_Innodb Row Lock Time,21590,0.0017670513911580644,0.8765259131252382,2,dropped,MySQL,database,latency,duration,milliseconds,,db_latency,requires_new_slot,medium,unknown,"Requires new slot 'db_latency'; semantic=latency, unit=milliseconds, source=MySQL"
Mysql-MySQL_3306_Max Used Connections,21590,0.0017670513911580644,0.8782929645163963,2,dropped,MySQL,database,connection,counter,count,,,manual_review,low,delta_then_log1p,"semantic=connection, unit=count, kind=counter; cannot auto-classify"
Mysql-MySQL_3306_Key Read Requests,21590,0.0017670513911580644,0.8800600159075543,2,unmapped,MySQL,database,request,unknown,count,,,manual_review,low,log1p,"semantic=request, unit=count, kind=unknown; cannot auto-classify"
Mysql-MySQL_3306_Innodb pages created,21590,0.0017670513911580644,0.8818270672987124,2,dropped,MySQL,database,database_io,counter,count,,mysql_io,requires_new_slot,medium,delta_then_log1p,"Requires new slot 'mysql_io'; semantic=database_io, unit=count, source=MySQL"
Mysql-MySQL_3306_Innodb dblwr pages written,21590,0.0017670513911580644,0.8835941186898705,2,dropped,MySQL,database,database_io,unknown,unknown,,mysql_io,requires_new_slot,medium,unknown,"Requires new slot 'mysql_io'; semantic=database_io, unit=unknown, source=MySQL"
Mysql-MySQL_3306_Open Tables,21590,0.0017670513911580644,0.8853611700810285,2,unmapped,MySQL,database,database_io,unknown,unknown,,mysql_io,requires_new_slot,medium,unknown,"Requires new slot 'mysql_io'; semantic=database_io, unit=unknown, source=MySQL"
Mysql-MySQL_3306_Opened Tables,21590,0.0017670513911580644,0.8871282214721866,2,unmapped,MySQL,database,database_io,counter,count,,mysql_io,requires_new_slot,medium,delta_then_log1p,"Requires new slot 'mysql_io'; semantic=database_io, unit=count, source=MySQL"
Mysql-MySQL_3306_Sort Scan,21590,0.0017670513911580644,0.8888952728633447,2,unmapped,MySQL,database,database_io,unknown,count,,mysql_io,requires_new_slot,medium,log1p,"Requires new slot 'mysql_io'; semantic=database_io, unit=count, source=MySQL"
Mysql-MySQL_3306_Qcache Free Memory,21590,0.0017670513911580644,0.8906623242545028,2,unmapped,MySQL,database,memory,gauge,count,,,manual_review,low,log1p,"semantic=memory, unit=count, kind=gauge; cannot auto-classify"
Mysql-MySQL_3306_Qcache Free Blocks,21590,0.0017670513911580644,0.8924293756456608,2,unmapped,MySQL,database,database_io,gauge,count,,mysql_io,requires_new_slot,medium,log1p,"Requires new slot 'mysql_io'; semantic=database_io, unit=count, source=MySQL"
Mysql-MySQL_3306_Innodb row lock time avg,21589,0.0017669695453317023,0.8941963451909926,2,dropped,MySQL,database,latency,duration,milliseconds,,db_latency,requires_new_slot,medium,unknown,"Requires new slot 'db_latency'; semantic=latency, unit=milliseconds, source=MySQL"
Mysql-MySQL_3306_Innodb pages read,21589,0.0017669695453317023,0.8959633147363243,2,dropped,MySQL,database,database_io,unknown,unknown,,mysql_io,requires_new_slot,medium,unknown,"Requires new slot 'mysql_io'; semantic=database_io, unit=unknown, source=MySQL"
Mysql-MySQL_3306_Innodb os log pending writes,21589,0.0017669695453317023,0.897730284281656,2,dropped,MySQL,database,database_io,counter,count,,mysql_io,requires_new_slot,medium,delta_then_log1p,"Requires new slot 'mysql_io'; semantic=database_io, unit=count, source=MySQL"
Mysql-MySQL_3306_Innodb os log pending fsyncs,21589,0.0017669695453317023,0.8994972538269878,2,dropped,MySQL,database,database_io,counter,count,,mysql_io,requires_new_slot,medium,delta_then_log1p,"Requires new slot 'mysql_io'; semantic=database_io, unit=count, source=MySQL"
Mysql-MySQL_3306_Innodb log write requests,21589,0.0017669695453317023,0.9012642233723195,2,dropped,MySQL,database,request,unknown,count,,,manual_review,low,log1p,"semantic=request, unit=count, kind=unknown; cannot auto-classify"
Mysql-MySQL_3306_Innodb dblwr writes,21589,0.0017669695453317023,0.9030311929176512,2,dropped,MySQL,database,database_io,counter,count,,mysql_io,requires_new_slot,medium,delta_then_log1p,"Requires new slot 'mysql_io'; semantic=database_io, unit=count, source=MySQL"
Mysql-MySQL_3306_Innodb pages written,21589,0.0017669695453317023,0.904798162462983,2,dropped,MySQL,database,database_io,unknown,unknown,,mysql_io,requires_new_slot,medium,unknown,"Requires new slot 'mysql_io'; semantic=database_io, unit=unknown, source=MySQL"
Mysql-MySQL_3306_Open Files,21589,0.0017669695453317023,0.9065651320083147,2,unmapped,MySQL,database,database_io,unknown,unknown,,mysql_io,requires_new_slot,medium,unknown,"Requires new slot 'mysql_io'; semantic=database_io, unit=unknown, source=MySQL"
Mysql-MySQL_3306_Opened table definitions,21589,0.0017669695453317023,0.9083321015536464,2,dropped,MySQL,database,database_io,counter,count,,mysql_io,requires_new_slot,medium,delta_then_log1p,"Requires new slot 'mysql_io'; semantic=database_io, unit=count, source=MySQL"
Mysql-MySQL_3306_Sort Range,21589,0.0017669695453317023,0.9100990710989781,2,unmapped,MySQL,database,database_io,unknown,count,,mysql_io,requires_new_slot,medium,log1p,"Requires new slot 'mysql_io'; semantic=database_io, unit=count, source=MySQL"
Mysql-MySQL_3306_Rows Read,21589,0.0017669695453317023,0.9118660406443099,2,unmapped,MySQL,database,database_io,unknown,count,,mysql_io,requires_new_slot,medium,log1p,"Requires new slot 'mysql_io'; semantic=database_io, unit=count, source=MySQL"
Mysql-MySQL_3306_Qcache Hits,21589,0.0017669695453317023,0.9136330101896416,2,unmapped,MySQL,database,database_io,counter,count,,mysql_io,requires_new_slot,medium,delta_then_log1p,"Requires new slot 'mysql_io'; semantic=database_io, unit=count, source=MySQL"
Mysql-MySQL_3306_Innodb data reads,21588,0.0017668876995053401,0.915399897889147,2,dropped,MySQL,database,database_io,counter,count,,mysql_io,requires_new_slot,medium,delta_then_log1p,"Requires new slot 'mysql_io'; semantic=database_io, unit=count, source=MySQL"
Mysql-MySQL_3306_Key Reads,21588,0.0017668876995053401,0.9171667855886524,2,unmapped,MySQL,database,database_io,counter,count,,mysql_io,requires_new_slot,medium,delta_then_log1p,"Requires new slot 'mysql_io'; semantic=database_io, unit=count, source=MySQL"
Mysql-MySQL_3306_Innodb row lock time max,21588,0.0017668876995053401,0.9189336732881578,2,dropped,MySQL,database,latency,duration,milliseconds,,db_latency,requires_new_slot,medium,unknown,"Requires new slot 'db_latency'; semantic=latency, unit=milliseconds, source=MySQL"
Mysql-MySQL_3306_Innodb data writes,21588,0.0017668876995053401,0.9207005609876632,2,dropped,MySQL,database,database_io,counter,count,,mysql_io,requires_new_slot,medium,delta_then_log1p,"Requires new slot 'mysql_io'; semantic=database_io, unit=count, source=MySQL"
Mysql-MySQL_3306_Innodb os log written,21588,0.0017668876995053401,0.9224674486871686,2,dropped,MySQL,database,database_io,unknown,unknown,,mysql_io,requires_new_slot,medium,unknown,"Requires new slot 'mysql_io'; semantic=database_io, unit=unknown, source=MySQL"
Mysql-MySQL_3306_Innodb os log fsyncs,21588,0.0017668876995053401,0.924234336386674,2,dropped,MySQL,database,database_io,unknown,unknown,,mysql_io,requires_new_slot,medium,unknown,"Requires new slot 'mysql_io'; semantic=database_io, unit=unknown, source=MySQL"
Mysql-MySQL_3306_Innodb open files  num,21588,0.0017668876995053401,0.9260012240861794,2,dropped,MySQL,database,database_io,counter,count,,mysql_io,requires_new_slot,medium,delta_then_log1p,"Requires new slot 'mysql_io'; semantic=database_io, unit=count, source=MySQL"
Mysql-MySQL_3306_Innodb log writes,21588,0.0017668876995053401,0.9277681117856847,2,dropped,MySQL,database,database_io,counter,count,,mysql_io,requires_new_slot,medium,delta_then_log1p,"Requires new slot 'mysql_io'; semantic=database_io, unit=count, source=MySQL"
Mysql-MySQL_3306_Innodb log waits,21588,0.0017668876995053401,0.9295349994851901,2,dropped,MySQL,database,database_io,counter,count,,mysql_io,requires_new_slot,medium,delta_then_log1p,"Requires new slot 'mysql_io'; semantic=database_io, unit=count, source=MySQL"
Mysql-MySQL_3306_Innodb data written,21587,0.0017668058536789782,0.9313018053388691,2,dropped,MySQL,database,database_io,unknown,unknown,,mysql_io,requires_new_slot,medium,unknown,"Requires new slot 'mysql_io'; semantic=database_io, unit=unknown, source=MySQL"
Mysql-MySQL_3306_MaxConnections,21583,0.0017664784703735296,0.9330682838092426,2,dropped,MySQL,database,connection,counter,count,,,manual_review,low,delta_then_log1p,"semantic=connection, unit=count, kind=counter; cannot auto-classify"
Mysql-MySQL_3306_Innodb buffer pool pages misc,21480,0.0017580483502582318,0.9348263321595008,2,dropped,MySQL,database,database_io,gauge,unknown,,mysql_io,requires_new_slot,medium,unknown,"Requires new slot 'mysql_io'; semantic=database_io, unit=unknown, source=MySQL"
JVM-Runtime_7778_JVM_JVM_Uptime,19053,0.0015594085296773785,0.9363857406891782,2,unmapped,JVM,jvm,uptime,duration,milliseconds,,,manual_review,low,unknown,"semantic=uptime, unit=milliseconds, kind=duration; cannot auto-classify"
JVM-Runtime_7779_JVM_JVM_Uptime,19051,0.0015592448380246542,0.9379449855272028,2,unmapped,JVM,jvm,uptime,duration,milliseconds,,,manual_review,low,unknown,"semantic=uptime, unit=milliseconds, kind=duration; cannot auto-classify"
JVM-Memory_7779_JVM_Memory_HeapMemoryUsage,18618,0.0015238055952098584,0.9394687911224127,2,dropped,JVM,jvm,memory,gauge,unknown,,jvm_mem,requires_new_slot,medium,unknown,"Requires new slot 'jvm_mem'; semantic=memory, unit=unknown, source=JVM"
JVM-Memory_7778_JVM_Memory_HeapMemoryUsage,18614,0.00152347821190441,0.9409922693343171,2,dropped,JVM,jvm,memory,gauge,unknown,,jvm_mem,requires_new_slot,medium,unknown,"Requires new slot 'jvm_mem'; semantic=memory, unit=unknown, source=JVM"
JVM-Operating System_7778_JVM_JVM_CPULoad,18237,0.0014926223353658925,0.942484891669683,2,dropped,JVM,jvm,cpu,gauge,unknown,,jvm_cpu,requires_new_slot,medium,unknown,"Requires new slot 'jvm_cpu'; semantic=cpu, unit=unknown, source=JVM"
JVM-Operating System_7779_JVM_JVM_CPULoad,18231,0.00149213126040772,0.9439770229300907,2,dropped,JVM,jvm,cpu,gauge,unknown,,jvm_cpu,requires_new_slot,medium,unknown,"Requires new slot 'jvm_cpu'; semantic=cpu, unit=unknown, source=JVM"
Mysql-MySQL_3306_Bytes Received,17943,0.0014685596624154308,0.9454455825925061,2,unmapped,MySQL,database,database_io,rate,bytes,,mysql_io,requires_new_slot,medium,log1p,"Requires new slot 'mysql_io'; semantic=database_io, unit=bytes, source=MySQL"
Mysql-MySQL_3306_Key Writes,17872,0.0014627486087437206,0.9469083312012498,2,unmapped,MySQL,database,database_io,counter,count,,mysql_io,requires_new_slot,medium,delta_then_log1p,"Requires new slot 'mysql_io'; semantic=database_io, unit=count, source=MySQL"
Mysql-MySQL_3306_Key Write Requests,17871,0.0014626667629173585,0.9483709979641672,2,unmapped,MySQL,database,request,unknown,count,,,manual_review,low,log1p,"semantic=request, unit=count, kind=unknown; cannot auto-classify"
OSLinux-OSLinux_SYSTEM_SYSTEM_Check-Hostname,16213,0.0013269663828089718,0.9496979643469762,14,unmapped,OSLinux,host,system,unknown,unknown,,,manual_review,low,unknown,"semantic=system, unit=unknown, kind=unknown; cannot auto-classify"
OSLinux-OSLinux_SYSTEM_SYSTEM_Check-DefaultRoute,16067,0.001315016892160103,0.9510129812391362,14,unmapped,OSLinux,host,system,unknown,unknown,,,manual_review,low,unknown,"semantic=system, unit=unknown, kind=unknown; cannot auto-classify"
OSLinux-OSLinux_FILESYSTEM_----tmp_FSInodeUsedPercent,12387,0.0010138242511475194,0.9520268054902837,6,unmapped,OSLinux,host,filesystem,ratio,percent,,filesystem_usage,requires_new_slot,medium,identity,"Requires new slot 'filesystem_usage'; semantic=filesystem, unit=percent, source=OSLinux"
OSLinux-OSLinux_FILESYSTEM_----tmp_FSCapacity,12387,0.0010138242511475194,0.9530406297414312,6,unmapped,OSLinux,host,filesystem,gauge,unknown,,filesystem_usage,requires_new_slot,medium,unknown,"Requires new slot 'filesystem_usage'; semantic=filesystem, unit=unknown, source=OSLinux"
OSLinux-OSLinux_FILESYSTEM_----home_FSInodeUsedPercent,12387,0.0010138242511475194,0.9540544539925787,6,unmapped,OSLinux,host,filesystem,ratio,percent,,filesystem_usage,requires_new_slot,medium,identity,"Requires new slot 'filesystem_usage'; semantic=filesystem, unit=percent, source=OSLinux"
OSLinux-OSLinux_FILESYSTEM_----home_FSCapacity,12387,0.0010138242511475194,0.9550682782437262,6,unmapped,OSLinux,host,filesystem,gauge,unknown,,filesystem_usage,requires_new_slot,medium,unknown,"Requires new slot 'filesystem_usage'; semantic=filesystem, unit=unknown, source=OSLinux"
OSLinux-OSLinux_FILESYSTEM_----cmbc_admin_FSInodeUsedPercent,12387,0.0010138242511475194,0.9560821024948737,6,unmapped,OSLinux,host,filesystem,ratio,percent,,filesystem_usage,requires_new_slot,medium,identity,"Requires new slot 'filesystem_usage'; semantic=filesystem, unit=percent, source=OSLinux"
OSLinux-OSLinux_FILESYSTEM_----cmbc_admin_FSCapacity,12387,0.0010138242511475194,0.9570959267460212,6,unmapped,OSLinux,host,filesystem,gauge,unknown,,filesystem_usage,requires_new_slot,medium,unknown,"Requires new slot 'filesystem_usage'; semantic=filesystem, unit=unknown, source=OSLinux"
OSLinux-OSLinux_FILESYSTEM_----boot_FSInodeUsedPercent,12387,0.0010138242511475194,0.9581097509971687,6,unmapped,OSLinux,host,filesystem,ratio,percent,,filesystem_usage,requires_new_slot,medium,identity,"Requires new slot 'filesystem_usage'; semantic=filesystem, unit=percent, source=OSLinux"
OSLinux-OSLinux_FILESYSTEM_----boot_FSCapacity,12387,0.0010138242511475194,0.9591235752483162,6,unmapped,OSLinux,host,filesystem,gauge,unknown,,filesystem_usage,requires_new_slot,medium,unknown,"Requires new slot 'filesystem_usage'; semantic=filesystem, unit=unknown, source=OSLinux"
OSLinux-OSLinux_FILESYSTEM_----_FSInodeUsedPercent,12387,0.0010138242511475194,0.9601373994994636,6,unmapped,OSLinux,host,filesystem,ratio,percent,,filesystem_usage,requires_new_slot,medium,identity,"Requires new slot 'filesystem_usage'; semantic=filesystem, unit=percent, source=OSLinux"
OSLinux-OSLinux_FILESYSTEM_----_FSCapacity,12387,0.0010138242511475194,0.9611512237506111,6,unmapped,OSLinux,host,filesystem,gauge,unknown,,filesystem_usage,requires_new_slot,medium,unknown,"Requires new slot 'filesystem_usage'; semantic=filesystem, unit=unknown, source=OSLinux"
OSLinux-OSLinux_FILESYSTEM_----tomcat_FSCapacity,12387,0.0010138242511475194,0.9621650480017586,6,unmapped,OSLinux,host,filesystem,gauge,unknown,,filesystem_usage,requires_new_slot,medium,unknown,"Requires new slot 'filesystem_usage'; semantic=filesystem, unit=unknown, source=OSLinux"
OSLinux-OSLinux_FILESYSTEM_----tomcat_FSInodeUsedPercent,12387,0.0010138242511475194,0.9631788722529061,6,unmapped,OSLinux,host,filesystem,ratio,percent,,filesystem_usage,requires_new_slot,medium,identity,"Requires new slot 'filesystem_usage'; semantic=filesystem, unit=percent, source=OSLinux"
OSLinux-OSLinux_FILE_-home-zabbix_DirSizeMB,12003,0.0009823954538244672,0.9641612677067306,14,unmapped,OSLinux,host,monitoring,gauge,unknown,,,manual_review,low,unknown,"semantic=monitoring, unit=unknown, kind=gauge; cannot auto-classify"
redis-Redis_6379_Redis  (client_longest_output_list),11812,0.0009667629009893033,0.9651280306077199,1,unmapped,Redis,cache,cache,unknown,unknown,,cache_metrics,requires_new_slot,medium,unknown,"Requires new slot 'cache_metrics'; semantic=cache, unit=unknown, source=Redis"
redis-Redis_6379_Redis  (client_biggest_input_buf),11812,0.0009667629009893033,0.9660947935087092,1,unmapped,Redis,cache,cache,unknown,unknown,,cache_metrics,requires_new_slot,medium,unknown,"Requires new slot 'cache_metrics'; semantic=cache, unit=unknown, source=Redis"
OSLinux-OSLinux_LOCALDISK_LOCALDISK-sdc_DSKBps,11546,0.0009449919111769806,0.9670397854198862,2,dropped,OSLinux,host,disk,rate,bytes,,disk_io,requires_new_slot,medium,log1p,"Requires new slot 'disk_io'; semantic=disk, unit=bytes, source=OSLinux"
OSLinux-OSLinux_LOCALDISK_LOCALDISK-sdc_DSKRTps,11503,0.0009414725406434097,0.9679812579605296,2,dropped,OSLinux,host,disk,unknown,rate,,disk_io,requires_new_slot,medium,unknown,"Requires new slot 'disk_io'; semantic=disk, unit=rate, source=OSLinux"
OSLinux-OSLinux_LOCALDISK_LOCALDISK-sdc_DSKRead,11503,0.0009414725406434097,0.968922730501173,2,dropped,OSLinux,host,disk,unknown,unknown,,disk_io,requires_new_slot,medium,unknown,"Requires new slot 'disk_io'; semantic=disk, unit=unknown, source=OSLinux"
OSLinux-OSLinux_LOCALDISK_LOCALDISK-sdc_DSKWTps,11503,0.0009414725406434097,0.9698642030418163,2,dropped,OSLinux,host,disk,unknown,rate,,disk_io,requires_new_slot,medium,unknown,"Requires new slot 'disk_io'; semantic=disk, unit=rate, source=OSLinux"
OSLinux-OSLinux_FILESYSTEM_-mysqlbak_FSCapacity,11503,0.0009414725406434097,0.9708056755824597,2,unmapped,OSLinux,host,filesystem,gauge,unknown,,filesystem_usage,requires_new_slot,medium,unknown,"Requires new slot 'filesystem_usage'; semantic=filesystem, unit=unknown, source=OSLinux"
OSLinux-OSLinux_FILESYSTEM_-mysqlbak_FSInodeUsedPercent,11503,0.0009414725406434097,0.971747148123103,2,unmapped,OSLinux,host,filesystem,ratio,percent,,filesystem_usage,requires_new_slot,medium,identity,"Requires new slot 'filesystem_usage'; semantic=filesystem, unit=percent, source=OSLinux"
OSLinux-OSLinux_FILESYSTEM_-usr-openv_FSInodeUsedPercent,11503,0.0009414725406434097,0.9726886206637464,2,unmapped,OSLinux,host,filesystem,ratio,percent,,filesystem_usage,requires_new_slot,medium,identity,"Requires new slot 'filesystem_usage'; semantic=filesystem, unit=percent, source=OSLinux"
OSLinux-OSLinux_LOCALDISK_LOCALDISK-sdc_DSKPercentBusy,11502,0.0009413906948170476,0.9736300113585634,2,dropped,OSLinux,host,disk,counter,percent,,disk_io,requires_new_slot,medium,delta_then_log1p,"Requires new slot 'disk_io'; semantic=disk, unit=percent, source=OSLinux"
OSLinux-OSLinux_LOCALDISK_LOCALDISK-sdc_DSKWrite,11502,0.0009413906948170476,0.9745714020533804,2,dropped,OSLinux,host,disk,unknown,unknown,,disk_io,requires_new_slot,medium,unknown,"Requires new slot 'disk_io'; semantic=disk, unit=unknown, source=OSLinux"
OSLinux-OSLinux_FILESYSTEM_-mysql_FSCapacity,11502,0.0009413906948170476,0.9755127927481975,2,unmapped,OSLinux,host,filesystem,gauge,unknown,,filesystem_usage,requires_new_slot,medium,unknown,"Requires new slot 'filesystem_usage'; semantic=filesystem, unit=unknown, source=OSLinux"
OSLinux-OSLinux_FILESYSTEM_-mysql_FSInodeUsedPercent,11502,0.0009413906948170476,0.9764541834430145,2,unmapped,OSLinux,host,filesystem,ratio,percent,,filesystem_usage,requires_new_slot,medium,identity,"Requires new slot 'filesystem_usage'; semantic=filesystem, unit=percent, source=OSLinux"
OSLinux-OSLinux_FILESYSTEM_-mysqldata_FSCapacity,11502,0.0009413906948170476,0.9773955741378315,2,unmapped,OSLinux,host,filesystem,gauge,unknown,,filesystem_usage,requires_new_slot,medium,unknown,"Requires new slot 'filesystem_usage'; semantic=filesystem, unit=unknown, source=OSLinux"
OSLinux-OSLinux_FILESYSTEM_-mysqldata_FSInodeUsedPercent,11502,0.0009413906948170476,0.9783369648326485,2,unmapped,OSLinux,host,filesystem,ratio,percent,,filesystem_usage,requires_new_slot,medium,identity,"Requires new slot 'filesystem_usage'; semantic=filesystem, unit=percent, source=OSLinux"
OSLinux-OSLinux_FILESYSTEM_-usr-openv_FSCapacity,11502,0.0009413906948170476,0.9792783555274656,2,unmapped,OSLinux,host,filesystem,gauge,unknown,,filesystem_usage,requires_new_slot,medium,unknown,"Requires new slot 'filesystem_usage'; semantic=filesystem, unit=unknown, source=OSLinux"
Tomcat-MEMORY_7441-MEMORY_JVMMaxMemory,11377,0.0009311599665217832,0.9802095154939874,4,dropped,Tomcat,application_server,memory,gauge,unknown,,jvm_mem,requires_new_slot,medium,unknown,"Requires new slot 'jvm_mem'; semantic=memory, unit=unknown, source=Tomcat"
Tomcat-MEMORY_7441-MEMORY_JVMUsedMemory,11377,0.0009311599665217832,0.9811406754605092,4,dropped,Tomcat,application_server,memory,gauge,unknown,,jvm_mem,requires_new_slot,medium,unknown,"Requires new slot 'jvm_mem'; semantic=memory, unit=unknown, source=Tomcat"
Tomcat-MEMORY_7441-MEMORY_JVMTotalMemory,11376,0.0009310781206954211,0.9820717535812046,4,dropped,Tomcat,application_server,memory,gauge,count,,jvm_mem,requires_new_slot,medium,log1p,"Requires new slot 'jvm_mem'; semantic=memory, unit=count, source=Tomcat"
OSLinux-OSLinux_FILESYSTEM_-apache_FSCapacity,10842,0.0008873724494180516,0.9829591260306226,2,unmapped,OSLinux,host,filesystem,gauge,unknown,,filesystem_usage,requires_new_slot,medium,unknown,"Requires new slot 'filesystem_usage'; semantic=filesystem, unit=unknown, source=OSLinux"
OSLinux-OSLinux_FILESYSTEM_-apache_FSInodeUsedPercent,10829,0.0008863084536753441,0.983845434484298,2,unmapped,OSLinux,host,filesystem,ratio,percent,,filesystem_usage,requires_new_slot,medium,identity,"Requires new slot 'filesystem_usage'; semantic=filesystem, unit=percent, source=OSLinux"
OSLinux-OSLinux_LOCALDISK_LOCALDISK-sdc_DSKTps,9693,0.0007933315949279814,0.984638766079226,2,dropped,OSLinux,host,disk,unknown,rate,,disk_io,requires_new_slot,medium,unknown,"Requires new slot 'disk_io'; semantic=disk, unit=rate, source=OSLinux"
OSLinux-OSLinux_LOCALDISK_LOCALDISK-sdc_DSKReadWrite,9676,0.0007919402158798254,0.9854307062951058,2,dropped,OSLinux,host,disk,unknown,unknown,,disk_io,requires_new_slot,medium,unknown,"Requires new slot 'disk_io'; semantic=disk, unit=unknown, source=OSLinux"
OSLinux-OSLinux_FILESYSTEM_-mysqldata_FSAvailableSpace,8112,0.0006639333434494774,0.9860946396385553,2,unmapped,OSLinux,host,filesystem,gauge,unknown,,filesystem_usage,requires_new_slot,medium,unknown,"Requires new slot 'filesystem_usage'; semantic=filesystem, unit=unknown, source=OSLinux"
OSLinux-OSLinux_FILESYSTEM_-mysql_FSUsedSpace,8111,0.0006638514976231154,0.9867584911361784,2,unmapped,OSLinux,host,filesystem,unknown,unknown,,filesystem_usage,requires_new_slot,medium,unknown,"Requires new slot 'filesystem_usage'; semantic=filesystem, unit=unknown, source=OSLinux"
OSLinux-OSLinux_FILESYSTEM_-mysqlbak_FSAvailableSpace,8111,0.0006638514976231154,0.9874223426338016,2,unmapped,OSLinux,host,filesystem,gauge,unknown,,filesystem_usage,requires_new_slot,medium,unknown,"Requires new slot 'filesystem_usage'; semantic=filesystem, unit=unknown, source=OSLinux"
OSLinux-OSLinux_FILESYSTEM_-mysql_FSAvailableSpace,8111,0.0006638514976231154,0.9880861941314247,2,unmapped,OSLinux,host,filesystem,gauge,unknown,,filesystem_usage,requires_new_slot,medium,unknown,"Requires new slot 'filesystem_usage'; semantic=filesystem, unit=unknown, source=OSLinux"
OSLinux-OSLinux_FILESYSTEM_-mysqlbak_FSUsedSpace,8111,0.0006638514976231154,0.9887500456290479,2,unmapped,OSLinux,host,filesystem,unknown,unknown,,filesystem_usage,requires_new_slot,medium,unknown,"Requires new slot 'filesystem_usage'; semantic=filesystem, unit=unknown, source=OSLinux"
OSLinux-OSLinux_FILESYSTEM_-mysqldata_FSUsedSpace,8111,0.0006638514976231154,0.989413897126671,2,unmapped,OSLinux,host,filesystem,unknown,unknown,,filesystem_usage,requires_new_slot,medium,unknown,"Requires new slot 'filesystem_usage'; semantic=filesystem, unit=unknown, source=OSLinux"
OSLinux-OSLinux_FILESYSTEM_-usr-openv_FSAvailableSpace,8111,0.0006638514976231154,0.9900777486242942,2,unmapped,OSLinux,host,filesystem,gauge,unknown,,filesystem_usage,requires_new_slot,medium,unknown,"Requires new slot 'filesystem_usage'; semantic=filesystem, unit=unknown, source=OSLinux"
OSLinux-OSLinux_FILESYSTEM_-usr-openv_FSUsedSpace,8111,0.0006638514976231154,0.9907416001219174,2,unmapped,OSLinux,host,filesystem,unknown,unknown,,filesystem_usage,requires_new_slot,medium,unknown,"Requires new slot 'filesystem_usage'; semantic=filesystem, unit=unknown, source=OSLinux"
Tomcat-MEMORY_7441-MEMORY_JVMFreeMemory,7790,0.0006375789873608764,0.9913791791092782,4,dropped,Tomcat,application_server,memory,gauge,unknown,,jvm_mem,requires_new_slot,medium,unknown,"Requires new slot 'jvm_mem'; semantic=memory, unit=unknown, source=Tomcat"
Tomcat-MEMORY_7441-MEMORY_JVMMemoryUsedPercent,7789,0.0006374971415345143,0.9920166762508127,4,accepted,Tomcat,application_server,memory,ratio,percent,mem,jvm_mem,map_safe_v2,high,identity,"Maps to existing slot 'mem'; semantic=memory, unit=percent, source=Tomcat"
OSLinux-OSLinux_FILESYSTEM_-apache_FSAvailableSpace,7673,0.0006280030256765089,0.9926446792764893,2,unmapped,OSLinux,host,filesystem,gauge,unknown,,filesystem_usage,requires_new_slot,medium,unknown,"Requires new slot 'filesystem_usage'; semantic=filesystem, unit=unknown, source=OSLinux"
OSLinux-OSLinux_FILESYSTEM_-apache_FSUsedSpace,7667,0.0006275119507183363,0.9932721912272076,2,unmapped,OSLinux,host,filesystem,unknown,unknown,,filesystem_usage,requires_new_slot,medium,unknown,"Requires new slot 'filesystem_usage'; semantic=filesystem, unit=unknown, source=OSLinux"
OSLinux-OSLinux_FILESYSTEM_-app_FSCapacity,7060,0.0005778315341165324,0.9938500227613241,1,unmapped,OSLinux,host,filesystem,gauge,unknown,,filesystem_usage,requires_new_slot,medium,unknown,"Requires new slot 'filesystem_usage'; semantic=filesystem, unit=unknown, source=OSLinux"
OSLinux-OSLinux_FILESYSTEM_-app_FSInodeUsedPercent,7060,0.0005778315341165324,0.9944278542954406,1,unmapped,OSLinux,host,filesystem,ratio,percent,,filesystem_usage,requires_new_slot,medium,identity,"Requires new slot 'filesystem_usage'; semantic=filesystem, unit=percent, source=OSLinux"
OSLinux-NTP_197.30.1.68_NtpServerTimeOffset,6507,0.0005325707921382828,0.9949604250875789,5,unmapped,OSLinux,host,time_sync,duration,milliseconds,,,manual_review,low,unknown,"semantic=time_sync, unit=milliseconds, kind=duration; cannot auto-classify"
OSLinux-NTP_197.30.1.67_NtpServerTimeOffset,6499,0.0005319160255273859,0.9954923411131062,5,unmapped,OSLinux,host,time_sync,duration,milliseconds,,,manual_review,low,unknown,"semantic=time_sync, unit=milliseconds, kind=duration; cannot auto-classify"
OSLinux-OSLinux_LOCALDISK_LOCALDISK-sdc_DSKAvgServ,4671,0.0003823018549374395,0.9958746429680437,2,dropped,OSLinux,host,disk,unknown,unknown,,disk_io,requires_new_slot,medium,unknown,"Requires new slot 'disk_io'; semantic=disk, unit=unknown, source=OSLinux"
OSLinux-OSLinux_FILESYSTEM_-app_FSAvailableSpace,4397,0.00035987609851421997,0.9962345190665579,1,unmapped,OSLinux,host,filesystem,gauge,unknown,,filesystem_usage,requires_new_slot,medium,unknown,"Requires new slot 'filesystem_usage'; semantic=filesystem, unit=unknown, source=OSLinux"
OSLinux-OSLinux_FILESYSTEM_-app_FSUsedSpace,4396,0.00035979425268785787,0.9965943133192458,1,unmapped,OSLinux,host,filesystem,unknown,unknown,,filesystem_usage,requires_new_slot,medium,unknown,"Requires new slot 'filesystem_usage'; semantic=filesystem, unit=unknown, source=OSLinux"
OSLinux-OSLinux_SWAP_SWAP_SWPTotSwapSize,2678,0.00021918312299774417,0.9968134964422435,14,unmapped,OSLinux,host,swap,gauge,unknown,,swap_io,requires_new_slot,medium,unknown,"Requires new slot 'swap_io'; semantic=swap, unit=unknown, source=OSLinux"
OSLinux-OSLinux_MEMORY_MEMORY_MEMTotalMem,2007,0.00016426457350876496,0.9969777610157522,14,unmapped,OSLinux,host,memory,gauge,count,,,manual_review,low,log1p,"semantic=memory, unit=count, kind=gauge; cannot auto-classify"
Container-DOCKER_CONTAINER_94eca4f96efe--bcou-role-st-uat-statefulset-1--bcou--UATWKR04_CpuPercent,974,7.971783487670008e-05,0.9970574788506289,1,accepted,Container,container,cpu,ratio,percent,cpu,,map_safe_v2,high,identity,"Maps to existing slot 'cpu'; semantic=cpu, unit=percent, source=Container"
Container-DOCKER_CONTAINER_94eca4f96efe--bcou-role-st-uat-statefulset-1--bcou--UATWKR04_MemPercent,974,7.971783487670008e-05,0.9971371966855056,1,accepted,Container,container,memory,ratio,percent,mem,,map_safe_v2,high,identity,"Maps to existing slot 'mem'; semantic=memory, unit=percent, source=Container"
Container-DOCKER_CONTAINER_94eca4f96efe--bcou-role-st-uat-statefulset-1--bcou--UATWKR04_MemUsage,972,7.955414322397586e-05,0.9972167508287296,1,dropped,Container,container,memory,gauge,unknown,,,manual_review,low,unknown,"semantic=memory, unit=unknown, kind=gauge; cannot auto-classify"
Container-DOCKER_CONTAINER_3bf443a64876--bcou-role-st-uat-statefulset-1--bcou--UATWKR03_CpuPercent,946,7.742615173856086e-05,0.9972941769804682,1,accepted,Container,container,cpu,ratio,percent,cpu,,map_safe_v2,high,identity,"Maps to existing slot 'cpu'; semantic=cpu, unit=percent, source=Container"
Container-DOCKER_CONTAINER_94eca4f96efe--bcou-role-st-uat-statefulset-1--bcou--UATWKR04_NetworkTxBytes,832,6.809572753327975e-05,0.9973622727080015,1,accepted,Container,container,network,unknown,bytes,net_tx,,map_safe_v2,high,log1p,"Maps to existing slot 'net_tx'; semantic=network, unit=bytes, source=Container"
Container-DOCKER_CONTAINER_3bf443a64876--bcou-role-st-uat-statefulset-1--bcou--UATWKR03_MemUsage,674,5.516408696806556e-05,0.9974174367949695,1,dropped,Container,container,memory,gauge,unknown,,,manual_review,low,unknown,"semantic=memory, unit=unknown, kind=gauge; cannot auto-classify"
Container-DOCKER_CONTAINER_cd2b4a29291e--bcou-role-st-uat-statefulset-1--bcou--UATWKR04_NetworkTxBytes,652,5.336347878809903e-05,0.9974708002737577,1,accepted,Container,container,network,unknown,bytes,net_tx,,map_safe_v2,high,log1p,"Maps to existing slot 'net_tx'; semantic=network, unit=bytes, source=Container"
Container-DOCKER_CONTAINER_cd2b4a29291e--bcou-role-st-uat-statefulset-1--bcou--UATWKR04_MemUsage,652,5.336347878809903e-05,0.9975241637525458,1,dropped,Container,container,memory,gauge,unknown,,,manual_review,low,unknown,"semantic=memory, unit=unknown, kind=gauge; cannot auto-classify"
Container-DOCKER_CONTAINER_cd2b4a29291e--bcou-role-st-uat-statefulset-1--bcou--UATWKR04_MemPercent,652,5.336347878809903e-05,0.997577527231334,1,accepted,Container,container,memory,ratio,percent,mem,,map_safe_v2,high,identity,"Maps to existing slot 'mem'; semantic=memory, unit=percent, source=Container"
Container-DOCKER_CONTAINER_cd2b4a29291e--bcou-role-st-uat-statefulset-1--bcou--UATWKR04_CpuPercent,652,5.336347878809903e-05,0.9976308907101221,1,accepted,Container,container,cpu,ratio,percent,cpu,,map_safe_v2,high,identity,"Maps to existing slot 'cpu'; semantic=cpu, unit=percent, source=Container"
Container-DOCKER_CONTAINER_3bf443a64876--bcou-role-st-uat-statefulset-1--bcou--UATWKR03_NetworkTxBytes,601,4.918934164363116e-05,0.9976800800517658,1,accepted,Container,container,network,unknown,bytes,net_tx,,map_safe_v2,high,log1p,"Maps to existing slot 'net_tx'; semantic=network, unit=bytes, source=Container"
Container-DOCKER_CONTAINER_b30097144a13--bcou-trace-st-uat-statefulset-0--bcou--UATWKR04_NetworkTxBytes,598,4.894380416454481e-05,0.9977290238559303,1,accepted,Container,container,network,unknown,bytes,net_tx,,map_safe_v2,high,log1p,"Maps to existing slot 'net_tx'; semantic=network, unit=bytes, source=Container"
Container-DOCKER_CONTAINER_9e8c309d0aab--bcou-trace-st-uat-statefulset-0--bcou--UATWKR04_NetworkTxBytes,598,4.894380416454481e-05,0.9977779676600949,1,accepted,Container,container,network,unknown,bytes,net_tx,,map_safe_v2,high,log1p,"Maps to existing slot 'net_tx'; semantic=network, unit=bytes, source=Container"
Container-DOCKER_CONTAINER_b30097144a13--bcou-trace-st-uat-statefulset-0--bcou--UATWKR04_MemUsage,596,4.8780112511820584e-05,0.9978267477726067,1,dropped,Container,container,memory,gauge,unknown,,,manual_review,low,unknown,"semantic=memory, unit=unknown, kind=gauge; cannot auto-classify"
Container-DOCKER_CONTAINER_b30097144a13--bcou-trace-st-uat-statefulset-0--bcou--UATWKR04_MemPercent,592,4.845272920637212e-05,0.9978752005018131,1,accepted,Container,container,memory,ratio,percent,mem,,map_safe_v2,high,identity,"Maps to existing slot 'mem'; semantic=memory, unit=percent, source=Container"
Container-DOCKER_CONTAINER_b30097144a13--bcou-trace-st-uat-statefulset-0--bcou--UATWKR04_CpuPercent,591,4.837088338001001e-05,0.9979235713851932,1,accepted,Container,container,cpu,ratio,percent,cpu,,map_safe_v2,high,identity,"Maps to existing slot 'cpu'; semantic=cpu, unit=percent, source=Container"
Container-DOCKER_CONTAINER_3bf443a64876--bcou-role-st-uat-statefulset-1--bcou--UATWKR03_MemPercent,588,4.8125345900923665e-05,0.9979716967310941,1,accepted,Container,container,memory,ratio,percent,mem,,map_safe_v2,high,identity,"Maps to existing slot 'mem'; semantic=memory, unit=percent, source=Container"
Container-DOCKER_CONTAINER_2c2336e2994f--bcou-role-st-uat-statefulset-1--bcou--UATWKR06_MemUsage,563,4.6079200241870784e-05,0.998017775931336,1,dropped,Container,container,memory,gauge,unknown,,,manual_review,low,unknown,"semantic=memory, unit=unknown, kind=gauge; cannot auto-classify"
Container-DOCKER_CONTAINER_2c2336e2994f--bcou-role-st-uat-statefulset-1--bcou--UATWKR06_NetworkTxBytes,563,4.6079200241870784e-05,0.9980638551315779,1,accepted,Container,container,network,unknown,bytes,net_tx,,map_safe_v2,high,log1p,"Maps to existing slot 'net_tx'; semantic=network, unit=bytes, source=Container"
Container-DOCKER_CONTAINER_2c2336e2994f--bcou-role-st-uat-statefulset-1--bcou--UATWKR06_NetworkRxBytes,559,4.575181693642233e-05,0.9981096069485144,1,accepted,Container,container,network,unknown,bytes,net_rx,,map_safe_v2,high,log1p,"Maps to existing slot 'net_rx'; semantic=network, unit=bytes, source=Container"
Container-DOCKER_CONTAINER_2c2336e2994f--bcou-role-st-uat-statefulset-1--bcou--UATWKR06_MemPercent,552,4.517889615188752e-05,0.9981547858446662,1,accepted,Container,container,memory,ratio,percent,mem,,map_safe_v2,high,identity,"Maps to existing slot 'mem'; semantic=memory, unit=percent, source=Container"
Container-DOCKER_CONTAINER_2c2336e2994f--bcou-role-st-uat-statefulset-1--bcou--UATWKR06_CpuPercent,541,4.4278592061904256e-05,0.9981990644367281,1,accepted,Container,container,cpu,ratio,percent,cpu,,map_safe_v2,high,identity,"Maps to existing slot 'cpu'; semantic=cpu, unit=percent, source=Container"
Container-DOCKER_CONTAINER_7b4b80f345e0--bcou-role-st-uat-statefulset-0--bcou--UATWKR04_NetworkTxBytes,450,3.683062186295178e-05,0.9982358950585911,1,accepted,Container,container,network,unknown,bytes,net_tx,,map_safe_v2,high,log1p,"Maps to existing slot 'net_tx'; semantic=network, unit=bytes, source=Container"
Container-DOCKER_CONTAINER_7b4b80f345e0--bcou-role-st-uat-statefulset-0--bcou--UATWKR04_MemUsage,449,3.6748776036589666e-05,0.9982726438346277,1,dropped,Container,container,memory,gauge,unknown,,,manual_review,low,unknown,"semantic=memory, unit=unknown, kind=gauge; cannot auto-classify"
Container-DOCKER_CONTAINER_9e8c309d0aab--bcou-trace-st-uat-statefulset-0--bcou--UATWKR04_MemUsage,437,3.5766626120244284e-05,0.9983084104607479,1,dropped,Container,container,memory,gauge,unknown,,,manual_review,low,unknown,"semantic=memory, unit=unknown, kind=gauge; cannot auto-classify"
Container-DOCKER_CONTAINER_9e8c309d0aab--bcou-trace-st-uat-statefulset-0--bcou--UATWKR04_MemPercent,423,3.4620784551174674e-05,0.9983430312452991,1,accepted,Container,container,memory,ratio,percent,mem,,map_safe_v2,high,identity,"Maps to existing slot 'mem'; semantic=memory, unit=percent, source=Container"
Container-DOCKER_CONTAINER_7b4b80f345e0--bcou-role-st-uat-statefulset-0--bcou--UATWKR04_MemPercent,412,3.372048046119141e-05,0.9983767517257603,1,accepted,Container,container,memory,ratio,percent,mem,,map_safe_v2,high,identity,"Maps to existing slot 'mem'; semantic=memory, unit=percent, source=Container"
Container-DOCKER_CONTAINER_7b4b80f345e0--bcou-role-st-uat-statefulset-0--bcou--UATWKR04_CpuPercent,411,3.363863463482929e-05,0.9984103903603951,1,accepted,Container,container,cpu,ratio,percent,cpu,,map_safe_v2,high,identity,"Maps to existing slot 'cpu'; semantic=cpu, unit=percent, source=Container"
Container-DOCKER_CONTAINER_9e8c309d0aab--bcou-trace-st-uat-statefulset-0--bcou--UATWKR04_CpuPercent,399,3.265648471848391e-05,0.9984430468451136,1,accepted,Container,container,cpu,ratio,percent,cpu,,map_safe_v2,high,identity,"Maps to existing slot 'cpu'; semantic=cpu, unit=percent, source=Container"
Container-DOCKER_CONTAINER_94eca4f96efe--bcou-role-st-uat-statefulset-1--bcou--UATWKR04_MemLimit,396,3.2410947239397566e-05,0.998475457792353,1,unmapped,Container,container,memory,gauge,unknown,,,manual_review,low,unknown,"semantic=memory, unit=unknown, kind=gauge; cannot auto-classify"
Container-DOCKER_CONTAINER_69b53a78b2eb--bcou-role-st-uat-statefulset-1--bcou--UATWKR06_NetworkTxBytes,352,2.8809730879464506e-05,0.9985042675232325,1,accepted,Container,container,network,unknown,bytes,net_tx,,map_safe_v2,high,log1p,"Maps to existing slot 'net_tx'; semantic=network, unit=bytes, source=Container"
Container-DOCKER_CONTAINER_89f0c1e5346c--bcou-trace-st-uat-statefulset-0--bcou--UATWKR04_CpuPercent,345,2.82368100949297e-05,0.9985325043333274,1,accepted,Container,container,cpu,ratio,percent,cpu,,map_safe_v2,high,identity,"Maps to existing slot 'cpu'; semantic=cpu, unit=percent, source=Container"
Container-DOCKER_CONTAINER_cb2bbb5e3f90--bcou-role-st-uat-statefulset-1--bcou--UATWKR02_NetworkTxBytes,343,2.807311844220547e-05,0.9985605774517696,1,accepted,Container,container,network,unknown,bytes,net_tx,,map_safe_v2,high,log1p,"Maps to existing slot 'net_tx'; semantic=network, unit=bytes, source=Container"
Container-DOCKER_CONTAINER_cb2bbb5e3f90--bcou-role-st-uat-statefulset-1--bcou--UATWKR02_MemUsage,342,2.7991272615843355e-05,0.9985885687243855,1,dropped,Container,container,memory,gauge,unknown,,,manual_review,low,unknown,"semantic=memory, unit=unknown, kind=gauge; cannot auto-classify"
Container-DOCKER_CONTAINER_cb2bbb5e3f90--bcou-role-st-uat-statefulset-1--bcou--UATWKR02_MemPercent,342,2.7991272615843355e-05,0.9986165599970014,1,accepted,Container,container,memory,ratio,percent,mem,,map_safe_v2,high,identity,"Maps to existing slot 'mem'; semantic=memory, unit=percent, source=Container"
Container-DOCKER_CONTAINER_cb2bbb5e3f90--bcou-role-st-uat-statefulset-1--bcou--UATWKR02_CpuPercent,342,2.7991272615843355e-05,0.9986445512696173,1,accepted,Container,container,cpu,ratio,percent,cpu,,map_safe_v2,high,identity,"Maps to existing slot 'cpu'; semantic=cpu, unit=percent, source=Container"
Container-DOCKER_CONTAINER_69b53a78b2eb--bcou-role-st-uat-statefulset-1--bcou--UATWKR06_MemUsage,338,2.7663889310394896e-05,0.9986722151589277,1,dropped,Container,container,memory,gauge,unknown,,,manual_review,low,unknown,"semantic=memory, unit=unknown, kind=gauge; cannot auto-classify"
Container-DOCKER_CONTAINER_76d31070b844--bcou-role-st-uat-statefulset-1--bcou--UATWKR06_NetworkTxBytes,318,2.6026972783152592e-05,0.9986982421317109,1,accepted,Container,container,network,unknown,bytes,net_tx,,map_safe_v2,high,log1p,"Maps to existing slot 'net_tx'; semantic=network, unit=bytes, source=Container"
Container-DOCKER_CONTAINER_b30097144a13--bcou-trace-st-uat-statefulset-0--bcou--UATWKR04_NetworkRxBytes,316,2.5863281130428364e-05,0.9987241054128413,1,accepted,Container,container,network,unknown,bytes,net_rx,,map_safe_v2,high,log1p,"Maps to existing slot 'net_rx'; semantic=network, unit=bytes, source=Container"
Container-DOCKER_CONTAINER_76d31070b844--bcou-role-st-uat-statefulset-1--bcou--UATWKR06_MemUsage,314,2.5699589477704133e-05,0.998749805002319,1,dropped,Container,container,memory,gauge,unknown,,,manual_review,low,unknown,"semantic=memory, unit=unknown, kind=gauge; cannot auto-classify"
Container-DOCKER_CONTAINER_89f0c1e5346c--bcou-trace-st-uat-statefulset-0--bcou--UATWKR04_MemPercent,303,2.479928538772087e-05,0.9987746042877067,1,accepted,Container,container,memory,ratio,percent,mem,,map_safe_v2,high,identity,"Maps to existing slot 'mem'; semantic=memory, unit=percent, source=Container"
Container-DOCKER_CONTAINER_89f0c1e5346c--bcou-trace-st-uat-statefulset-0--bcou--UATWKR04_MemUsage,301,2.4635593734996637e-05,0.9987992398814417,1,dropped,Container,container,memory,gauge,unknown,,,manual_review,low,unknown,"semantic=memory, unit=unknown, kind=gauge; cannot auto-classify"
Container-DOCKER_CONTAINER_89f0c1e5346c--bcou-trace-st-uat-statefulset-0--bcou--UATWKR04_NetworkTxBytes,297,2.4308210429548178e-05,0.9988235480918712,1,accepted,Container,container,network,unknown,bytes,net_tx,,map_safe_v2,high,log1p,"Maps to existing slot 'net_tx'; semantic=network, unit=bytes, source=Container"
Container-DOCKER_CONTAINER_69b53a78b2eb--bcou-role-st-uat-statefulset-1--bcou--UATWKR06_MemPercent,297,2.4308210429548178e-05,0.9988478563023008,1,accepted,Container,container,memory,ratio,percent,mem,,map_safe_v2,high,identity,"Maps to existing slot 'mem'; semantic=memory, unit=percent, source=Container"
Container-DOCKER_CONTAINER_69b53a78b2eb--bcou-role-st-uat-statefulset-1--bcou--UATWKR06_CpuPercent,296,2.422636460318606e-05,0.998872082666904,1,accepted,Container,container,cpu,ratio,percent,cpu,,map_safe_v2,high,identity,"Maps to existing slot 'cpu'; semantic=cpu, unit=percent, source=Container"
Container-DOCKER_CONTAINER_464dc801314b--bcou-trace-st-uat-statefulset-0--bcou--UATWKR04_NetworkTxBytes,284,2.3244214686840682e-05,0.9988953268815908,1,accepted,Container,container,network,unknown,bytes,net_tx,,map_safe_v2,high,log1p,"Maps to existing slot 'net_tx'; semantic=network, unit=bytes, source=Container"
Container-DOCKER_CONTAINER_76d31070b844--bcou-role-st-uat-statefulset-1--bcou--UATWKR06_MemPercent,278,2.275313972866799e-05,0.9989180800213194,1,accepted,Container,container,memory,ratio,percent,mem,,map_safe_v2,high,identity,"Maps to existing slot 'mem'; semantic=memory, unit=percent, source=Container"
OSLinux-NTP_40.2.208.64_NtpServerTimeOffset,257,2.1034377375063574e-05,0.9989391143986945,1,unmapped,OSLinux,host,time_sync,duration,milliseconds,,,manual_review,low,unknown,"semantic=time_sync, unit=milliseconds, kind=duration; cannot auto-classify"
OSLinux-NTP_40.2.208.65_NtpServerTimeOffset,257,2.1034377375063574e-05,0.9989601487760696,1,unmapped,OSLinux,host,time_sync,duration,milliseconds,,,manual_review,low,unknown,"semantic=time_sync, unit=milliseconds, kind=duration; cannot auto-classify"
Container-DOCKER_CONTAINER_464dc801314b--bcou-trace-st-uat-statefulset-0--bcou--UATWKR04_MemUsage,253,2.0706994069615114e-05,0.9989808557701393,1,dropped,Container,container,memory,gauge,unknown,,,manual_review,low,unknown,"semantic=memory, unit=unknown, kind=gauge; cannot auto-classify"
Container-DOCKER_CONTAINER_464dc801314b--bcou-trace-st-uat-statefulset-0--bcou--UATWKR04_MemPercent,253,2.0706994069615114e-05,0.9990015627642089,1,accepted,Container,container,memory,ratio,percent,mem,,map_safe_v2,high,identity,"Maps to existing slot 'mem'; semantic=memory, unit=percent, source=Container"
Container-DOCKER_CONTAINER_b30097144a13--bcou-trace-st-uat-statefulset-0--bcou--UATWKR04_MemLimit,249,2.0379610764166655e-05,0.9990219423749731,1,unmapped,Container,container,memory,gauge,unknown,,,manual_review,low,unknown,"semantic=memory, unit=unknown, kind=gauge; cannot auto-classify"
Container-DOCKER_CONTAINER_464dc801314b--bcou-trace-st-uat-statefulset-0--bcou--UATWKR04_CpuPercent,248,2.0297764937804537e-05,0.9990422401399109,1,accepted,Container,container,cpu,ratio,percent,cpu,,map_safe_v2,high,identity,"Maps to existing slot 'cpu'; semantic=cpu, unit=percent, source=Container"
Container-DOCKER_CONTAINER_76d31070b844--bcou-role-st-uat-statefulset-1--bcou--UATWKR06_CpuPercent,246,2.013407328508031e-05,0.999062374213196,1,accepted,Container,container,cpu,ratio,percent,cpu,,map_safe_v2,high,identity,"Maps to existing slot 'cpu'; semantic=cpu, unit=percent, source=Container"
Container-DOCKER_CONTAINER_2d16f5b2e830--bcou-trace-st-uat-statefulset-1--bcou--UATWKR18_NetworkTxBytes,234,1.9151923368734928e-05,0.9990815261365648,1,accepted,Container,container,network,unknown,bytes,net_tx,,map_safe_v2,high,log1p,"Maps to existing slot 'net_tx'; semantic=network, unit=bytes, source=Container"
Container-DOCKER_CONTAINER_2d16f5b2e830--bcou-trace-st-uat-statefulset-1--bcou--UATWKR18_CpuPercent,233,1.907007754237281e-05,0.9991005962141072,1,accepted,Container,container,cpu,ratio,percent,cpu,,map_safe_v2,high,identity,"Maps to existing slot 'cpu'; semantic=cpu, unit=percent, source=Container"
Container-DOCKER_CONTAINER_2d16f5b2e830--bcou-trace-st-uat-statefulset-1--bcou--UATWKR18_MemPercent,233,1.907007754237281e-05,0.9991196662916496,1,accepted,Container,container,memory,ratio,percent,mem,,map_safe_v2,high,identity,"Maps to existing slot 'mem'; semantic=memory, unit=percent, source=Container"
Container-DOCKER_CONTAINER_2d16f5b2e830--bcou-trace-st-uat-statefulset-1--bcou--UATWKR18_MemUsage,233,1.907007754237281e-05,0.999138736369192,1,dropped,Container,container,memory,gauge,unknown,,,manual_review,low,unknown,"semantic=memory, unit=unknown, kind=gauge; cannot auto-classify"
Container-DOCKER_CONTAINER_cb2bbb5e3f90--bcou-role-st-uat-statefulset-1--bcou--UATWKR02_MemLimit,228,1.8660848410562237e-05,0.9991573972176025,1,unmapped,Container,container,memory,gauge,unknown,,,manual_review,low,unknown,"semantic=memory, unit=unknown, kind=gauge; cannot auto-classify"
Container-DOCKER_CONTAINER_9e8c309d0aab--bcou-trace-st-uat-statefulset-0--bcou--UATWKR04_MemLimit,227,1.8579002584200123e-05,0.9991759762201867,1,unmapped,Container,container,memory,gauge,unknown,,,manual_review,low,unknown,"semantic=memory, unit=unknown, kind=gauge; cannot auto-classify"
Container-DOCKER_CONTAINER_cd2b4a29291e--bcou-role-st-uat-statefulset-1--bcou--UATWKR04_MemLimit,219,1.79242359733032e-05,0.9991939004561601,1,unmapped,Container,container,memory,gauge,unknown,,,manual_review,low,unknown,"semantic=memory, unit=unknown, kind=gauge; cannot auto-classify"
Container-DOCKER_CONTAINER_b6760337dc49--bcou-role-st-uat-statefulset-0--bcou--UATWKR18_CpuPercent,214,1.7515006841492624e-05,0.9992114154630015,1,accepted,Container,container,cpu,ratio,percent,cpu,,map_safe_v2,high,identity,"Maps to existing slot 'cpu'; semantic=cpu, unit=percent, source=Container"
Container-DOCKER_CONTAINER_bbc780df1fce--bcou-role-st-uat-statefulset-0--bcou--UATWKR18_MemPercent,206,1.6860240230595705e-05,0.9992282757032321,1,accepted,Container,container,memory,ratio,percent,mem,,map_safe_v2,high,identity,"Maps to existing slot 'mem'; semantic=memory, unit=percent, source=Container"
Container-DOCKER_CONTAINER_bbc780df1fce--bcou-role-st-uat-statefulset-0--bcou--UATWKR18_CpuPercent,206,1.6860240230595705e-05,0.9992451359434628,1,accepted,Container,container,cpu,ratio,percent,cpu,,map_safe_v2,high,identity,"Maps to existing slot 'cpu'; semantic=cpu, unit=percent, source=Container"
Container-DOCKER_CONTAINER_bbc780df1fce--bcou-role-st-uat-statefulset-0--bcou--UATWKR18_NetworkTxBytes,205,1.677839440423359e-05,0.999261914337867,1,accepted,Container,container,network,unknown,bytes,net_tx,,map_safe_v2,high,log1p,"Maps to existing slot 'net_tx'; semantic=network, unit=bytes, source=Container"
Container-DOCKER_CONTAINER_bbc780df1fce--bcou-role-st-uat-statefulset-0--bcou--UATWKR18_MemUsage,205,1.677839440423359e-05,0.9992786927322713,1,dropped,Container,container,memory,gauge,unknown,,,manual_review,low,unknown,"semantic=memory, unit=unknown, kind=gauge; cannot auto-classify"
Container-DOCKER_CONTAINER_1bc4fc80d241--bcou-trace-st-uat-statefulset-1--bcou--UATWKR18_NetworkTxBytes,204,1.6696548577871474e-05,0.9992953892808492,1,accepted,Container,container,network,unknown,bytes,net_tx,,map_safe_v2,high,log1p,"Maps to existing slot 'net_tx'; semantic=network, unit=bytes, source=Container"
Container-DOCKER_CONTAINER_1bc4fc80d241--bcou-trace-st-uat-statefulset-1--bcou--UATWKR18_MemPercent,204,1.6696548577871474e-05,0.999312085829427,1,accepted,Container,container,memory,ratio,percent,mem,,map_safe_v2,high,identity,"Maps to existing slot 'mem'; semantic=memory, unit=percent, source=Container"
Container-DOCKER_CONTAINER_1bc4fc80d241--bcou-trace-st-uat-statefulset-1--bcou--UATWKR18_CpuPercent,204,1.6696548577871474e-05,0.9993287823780048,1,accepted,Container,container,cpu,ratio,percent,cpu,,map_safe_v2,high,identity,"Maps to existing slot 'cpu'; semantic=cpu, unit=percent, source=Container"
Container-DOCKER_CONTAINER_1bc4fc80d241--bcou-trace-st-uat-statefulset-1--bcou--UATWKR18_MemUsage,203,1.661470275150936e-05,0.9993453970807563,1,dropped,Container,container,memory,gauge,unknown,,,manual_review,low,unknown,"semantic=memory, unit=unknown, kind=gauge; cannot auto-classify"
Container-DOCKER_CONTAINER_3bf443a64876--bcou-role-st-uat-statefulset-1--bcou--UATWKR03_MemLimit,182,1.4895940397904944e-05,0.9993602930211543,1,unmapped,Container,container,memory,gauge,unknown,,,manual_review,low,unknown,"semantic=memory, unit=unknown, kind=gauge; cannot auto-classify"
Container-DOCKER_CONTAINER_464dc801314b--bcou-trace-st-uat-statefulset-0--bcou--UATWKR04_NetworkRxBytes,181,1.4814094571542828e-05,0.9993751071157257,1,accepted,Container,container,network,unknown,bytes,net_rx,,map_safe_v2,high,log1p,"Maps to existing slot 'net_rx'; semantic=network, unit=bytes, source=Container"
Container-DOCKER_CONTAINER_b6760337dc49--bcou-role-st-uat-statefulset-0--bcou--UATWKR18_NetworkTxBytes,176,1.4404865439732253e-05,0.9993895119811654,1,accepted,Container,container,network,unknown,bytes,net_tx,,map_safe_v2,high,log1p,"Maps to existing slot 'net_tx'; semantic=network, unit=bytes, source=Container"
Container-DOCKER_CONTAINER_94eca4f96efe--bcou-role-st-uat-statefulset-1--bcou--UATWKR04_NetworkRxBytes,171,1.3995636307921678e-05,0.9994035076174733,1,accepted,Container,container,network,unknown,bytes,net_rx,,map_safe_v2,high,log1p,"Maps to existing slot 'net_rx'; semantic=network, unit=bytes, source=Container"
Container-DOCKER_CONTAINER_9e8c309d0aab--bcou-trace-st-uat-statefulset-0--bcou--UATWKR04_NetworkRxBytes,171,1.3995636307921678e-05,0.9994175032537812,1,accepted,Container,container,network,unknown,bytes,net_rx,,map_safe_v2,high,log1p,"Maps to existing slot 'net_rx'; semantic=network, unit=bytes, source=Container"
Container-DOCKER_CONTAINER_b6760337dc49--bcou-role-st-uat-statefulset-0--bcou--UATWKR18_MemUsage,165,1.3504561349748987e-05,0.999431007815131,1,dropped,Container,container,memory,gauge,unknown,,,manual_review,low,unknown,"semantic=memory, unit=unknown, kind=gauge; cannot auto-classify"
Container-DOCKER_CONTAINER_b6760337dc49--bcou-role-st-uat-statefulset-0--bcou--UATWKR18_MemPercent,165,1.3504561349748987e-05,0.9994445123764807,1,accepted,Container,container,memory,ratio,percent,mem,,map_safe_v2,high,identity,"Maps to existing slot 'mem'; semantic=memory, unit=percent, source=Container"
Container-DOCKER_CONTAINER_d27123361435--bcou-trace-st-uat-statefulset-1--bcou--UATWKR18_CpuPercent,156,1.276794891248995e-05,0.9994572803253932,1,accepted,Container,container,cpu,ratio,percent,cpu,,map_safe_v2,high,identity,"Maps to existing slot 'cpu'; semantic=cpu, unit=percent, source=Container"
Container-DOCKER_CONTAINER_d27123361435--bcou-trace-st-uat-statefulset-1--bcou--UATWKR18_MemLimit,156,1.276794891248995e-05,0.9994700482743056,1,unmapped,Container,container,memory,gauge,unknown,,,manual_review,low,unknown,"semantic=memory, unit=unknown, kind=gauge; cannot auto-classify"
Container-DOCKER_CONTAINER_d27123361435--bcou-trace-st-uat-statefulset-1--bcou--UATWKR18_MemPercent,156,1.276794891248995e-05,0.9994828162232181,1,accepted,Container,container,memory,ratio,percent,mem,,map_safe_v2,high,identity,"Maps to existing slot 'mem'; semantic=memory, unit=percent, source=Container"
Container-DOCKER_CONTAINER_d27123361435--bcou-trace-st-uat-statefulset-1--bcou--UATWKR18_MemUsage,156,1.276794891248995e-05,0.9994955841721306,1,dropped,Container,container,memory,gauge,unknown,,,manual_review,low,unknown,"semantic=memory, unit=unknown, kind=gauge; cannot auto-classify"
Container-DOCKER_CONTAINER_d27123361435--bcou-trace-st-uat-statefulset-1--bcou--UATWKR18_NetworkTxBytes,156,1.276794891248995e-05,0.999508352121043,1,accepted,Container,container,network,unknown,bytes,net_tx,,map_safe_v2,high,log1p,"Maps to existing slot 'net_tx'; semantic=network, unit=bytes, source=Container"
Container-DOCKER_CONTAINER_3bf443a64876--bcou-role-st-uat-statefulset-1--bcou--UATWKR03_NetworkRxBytes,154,1.2604257259765721e-05,0.9995209563783028,1,accepted,Container,container,network,unknown,bytes,net_rx,,map_safe_v2,high,log1p,"Maps to existing slot 'net_rx'; semantic=network, unit=bytes, source=Container"
Container-DOCKER_CONTAINER_7b4b80f345e0--bcou-role-st-uat-statefulset-0--bcou--UATWKR04_MemLimit,150,1.2276873954317262e-05,0.9995332332522572,1,unmapped,Container,container,memory,gauge,unknown,,,manual_review,low,unknown,"semantic=memory, unit=unknown, kind=gauge; cannot auto-classify"
Container-DOCKER_CONTAINER_7b4b80f345e0--bcou-role-st-uat-statefulset-0--bcou--UATWKR04_NetworkRxBytes,150,1.2276873954317262e-05,0.9995455101262115,1,accepted,Container,container,network,unknown,bytes,net_rx,,map_safe_v2,high,log1p,"Maps to existing slot 'net_rx'; semantic=network, unit=bytes, source=Container"
Container-DOCKER_CONTAINER_2d16f5b2e830--bcou-trace-st-uat-statefulset-1--bcou--UATWKR18_NetworkRxBytes,145,1.1867644822506685e-05,0.999557377771034,1,accepted,Container,container,network,unknown,bytes,net_rx,,map_safe_v2,high,log1p,"Maps to existing slot 'net_rx'; semantic=network, unit=bytes, source=Container"
Container-DOCKER_CONTAINER_cb2bbb5e3f90--bcou-role-st-uat-statefulset-1--bcou--UATWKR02_NetworkRxBytes,142,1.1622107343420341e-05,0.9995689998783774,1,accepted,Container,container,network,unknown,bytes,net_rx,,map_safe_v2,high,log1p,"Maps to existing slot 'net_rx'; semantic=network, unit=bytes, source=Container"
Container-DOCKER_CONTAINER_350771a68ac2--bcou-trace-st-uat-statefulset-1--bcou--UATWKR18_MemUsage,140,1.145841569069611e-05,0.9995804582940682,1,dropped,Container,container,memory,gauge,unknown,,,manual_review,low,unknown,"semantic=memory, unit=unknown, kind=gauge; cannot auto-classify"
Container-DOCKER_CONTAINER_350771a68ac2--bcou-trace-st-uat-statefulset-1--bcou--UATWKR18_MemPercent,140,1.145841569069611e-05,0.9995919167097589,1,accepted,Container,container,memory,ratio,percent,mem,,map_safe_v2,high,identity,"Maps to existing slot 'mem'; semantic=memory, unit=percent, source=Container"
Container-DOCKER_CONTAINER_350771a68ac2--bcou-trace-st-uat-statefulset-1--bcou--UATWKR18_CpuPercent,140,1.145841569069611e-05,0.9996033751254496,1,accepted,Container,container,cpu,ratio,percent,cpu,,map_safe_v2,high,identity,"Maps to existing slot 'cpu'; semantic=cpu, unit=percent, source=Container"
Container-DOCKER_CONTAINER_350771a68ac2--bcou-trace-st-uat-statefulset-1--bcou--UATWKR18_NetworkTxBytes,139,1.1376569864333996e-05,0.999614751695314,1,accepted,Container,container,network,unknown,bytes,net_tx,,map_safe_v2,high,log1p,"Maps to existing slot 'net_tx'; semantic=network, unit=bytes, source=Container"
Container-DOCKER_CONTAINER_c67422614c81--bcou-role-st-uat-statefulset-1--bcou--UATWKR02_MemPercent,138,1.129472403797188e-05,0.9996260464193519,1,accepted,Container,container,memory,ratio,percent,mem,,map_safe_v2,high,identity,"Maps to existing slot 'mem'; semantic=memory, unit=percent, source=Container"
Container-DOCKER_CONTAINER_c67422614c81--bcou-role-st-uat-statefulset-1--bcou--UATWKR02_CpuPercent,138,1.129472403797188e-05,0.9996373411433899,1,accepted,Container,container,cpu,ratio,percent,cpu,,map_safe_v2,high,identity,"Maps to existing slot 'cpu'; semantic=cpu, unit=percent, source=Container"
Container-DOCKER_CONTAINER_c67422614c81--bcou-role-st-uat-statefulset-1--bcou--UATWKR02_NetworkTxBytes,137,1.1212878211609764e-05,0.9996485540216015,1,accepted,Container,container,network,unknown,bytes,net_tx,,map_safe_v2,high,log1p,"Maps to existing slot 'net_tx'; semantic=network, unit=bytes, source=Container"
Container-DOCKER_CONTAINER_c67422614c81--bcou-role-st-uat-statefulset-1--bcou--UATWKR02_MemUsage,137,1.1212878211609764e-05,0.9996597668998131,1,dropped,Container,container,memory,gauge,unknown,,,manual_review,low,unknown,"semantic=memory, unit=unknown, kind=gauge; cannot auto-classify"
Container-DOCKER_CONTAINER_b6760337dc49--bcou-role-st-uat-statefulset-0--bcou--UATWKR18_MemLimit,129,1.0558111600712844e-05,0.9996703250114137,1,unmapped,Container,container,memory,gauge,unknown,,,manual_review,low,unknown,"semantic=memory, unit=unknown, kind=gauge; cannot auto-classify"
Container-DOCKER_CONTAINER_2d16f5b2e830--bcou-trace-st-uat-statefulset-1--bcou--UATWKR18_MemLimit,120,9.82149916345381e-06,0.9996801465105772,1,unmapped,Container,container,memory,gauge,unknown,,,manual_review,low,unknown,"semantic=memory, unit=unknown, kind=gauge; cannot auto-classify"
Container-DOCKER_CONTAINER_2fa7eaebac26--bcou-role-st-uat-statefulset-1--bcou--UATWKR02_MemPercent,120,9.82149916345381e-06,0.9996899680097407,1,accepted,Container,container,memory,ratio,percent,mem,,map_safe_v2,high,identity,"Maps to existing slot 'mem'; semantic=memory, unit=percent, source=Container"
Container-DOCKER_CONTAINER_2fa7eaebac26--bcou-role-st-uat-statefulset-1--bcou--UATWKR02_MemUsage,120,9.82149916345381e-06,0.9996997895089043,1,dropped,Container,container,memory,gauge,unknown,,,manual_review,low,unknown,"semantic=memory, unit=unknown, kind=gauge; cannot auto-classify"
Container-DOCKER_CONTAINER_2fa7eaebac26--bcou-role-st-uat-statefulset-1--bcou--UATWKR02_NetworkTxBytes,120,9.82149916345381e-06,0.9997096110080678,1,accepted,Container,container,network,unknown,bytes,net_tx,,map_safe_v2,high,log1p,"Maps to existing slot 'net_tx'; semantic=network, unit=bytes, source=Container"
Container-DOCKER_CONTAINER_2fa7eaebac26--bcou-role-st-uat-statefulset-1--bcou--UATWKR02_CpuPercent,120,9.82149916345381e-06,0.9997194325072313,1,accepted,Container,container,cpu,ratio,percent,cpu,,map_safe_v2,high,identity,"Maps to existing slot 'cpu'; semantic=cpu, unit=percent, source=Container"
Container-DOCKER_CONTAINER_2c2336e2994f--bcou-role-st-uat-statefulset-1--bcou--UATWKR06_MemLimit,120,9.82149916345381e-06,0.9997292540063948,1,unmapped,Container,container,memory,gauge,unknown,,,manual_review,low,unknown,"semantic=memory, unit=unknown, kind=gauge; cannot auto-classify"
Container-DOCKER_CONTAINER_89f0c1e5346c--bcou-trace-st-uat-statefulset-0--bcou--UATWKR04_MemLimit,114,9.330424205281118e-06,0.9997385844306,1,unmapped,Container,container,memory,gauge,unknown,,,manual_review,low,unknown,"semantic=memory, unit=unknown, kind=gauge; cannot auto-classify"
Container-DOCKER_CONTAINER_23bdcf67c7e3--bcou-role-st-uat-statefulset-0--bcou--UATWKR18_NetworkTxBytes,113,9.248578378919003e-06,0.999747833008979,1,accepted,Container,container,network,unknown,bytes,net_tx,,map_safe_v2,high,log1p,"Maps to existing slot 'net_tx'; semantic=network, unit=bytes, source=Container"
Container-DOCKER_CONTAINER_23bdcf67c7e3--bcou-role-st-uat-statefulset-0--bcou--UATWKR18_MemUsage,112,9.166732552556889e-06,0.9997569997415315,1,dropped,Container,container,memory,gauge,unknown,,,manual_review,low,unknown,"semantic=memory, unit=unknown, kind=gauge; cannot auto-classify"
Container-DOCKER_CONTAINER_bbc780df1fce--bcou-role-st-uat-statefulset-0--bcou--UATWKR18_MemLimit,104,8.511965941659968e-06,0.9997655117074732,1,unmapped,Container,container,memory,gauge,unknown,,,manual_review,low,unknown,"semantic=memory, unit=unknown, kind=gauge; cannot auto-classify"
Container-DOCKER_CONTAINER_b6760337dc49--bcou-role-st-uat-statefulset-0--bcou--UATWKR18_NetworkRxBytes,103,8.430120115297853e-06,0.9997739418275885,1,accepted,Container,container,network,unknown,bytes,net_rx,,map_safe_v2,high,log1p,"Maps to existing slot 'net_rx'; semantic=network, unit=bytes, source=Container"
Container-DOCKER_CONTAINER_1bc4fc80d241--bcou-trace-st-uat-statefulset-1--bcou--UATWKR18_MemLimit,103,8.430120115297853e-06,0.9997823719477038,1,unmapped,Container,container,memory,gauge,unknown,,,manual_review,low,unknown,"semantic=memory, unit=unknown, kind=gauge; cannot auto-classify"
Container-DOCKER_CONTAINER_350771a68ac2--bcou-trace-st-uat-statefulset-1--bcou--UATWKR18_MemLimit,100,8.184582636211507e-06,0.99979055653034,1,unmapped,Container,container,memory,gauge,unknown,,,manual_review,low,unknown,"semantic=memory, unit=unknown, kind=gauge; cannot auto-classify"
Container-DOCKER_CONTAINER_89f0c1e5346c--bcou-trace-st-uat-statefulset-0--bcou--UATWKR04_NetworkRxBytes,94,7.693507678038816e-06,0.999798250038018,1,accepted,Container,container,network,unknown,bytes,net_rx,,map_safe_v2,high,log1p,"Maps to existing slot 'net_rx'; semantic=network, unit=bytes, source=Container"
Container-DOCKER_CONTAINER_c67422614c81--bcou-role-st-uat-statefulset-1--bcou--UATWKR02_MemLimit,92,7.529816025314587e-06,0.9998057798540434,1,unmapped,Container,container,memory,gauge,unknown,,,manual_review,low,unknown,"semantic=memory, unit=unknown, kind=gauge; cannot auto-classify"
Container-DOCKER_CONTAINER_464dc801314b--bcou-trace-st-uat-statefulset-0--bcou--UATWKR04_MemLimit,91,7.447970198952472e-06,0.9998132278242423,1,unmapped,Container,container,memory,gauge,unknown,,,manual_review,low,unknown,"semantic=memory, unit=unknown, kind=gauge; cannot auto-classify"
Container-DOCKER_CONTAINER_d27123361435--bcou-trace-st-uat-statefulset-1--bcou--UATWKR18_NetworkRxBytes,90,7.366124372590357e-06,0.9998205939486149,1,accepted,Container,container,network,unknown,bytes,net_rx,,map_safe_v2,high,log1p,"Maps to existing slot 'net_rx'; semantic=network, unit=bytes, source=Container"
Container-DOCKER_CONTAINER_bbc780df1fce--bcou-role-st-uat-statefulset-0--bcou--UATWKR18_NetworkRxBytes,89,7.284278546228241e-06,0.9998278782271611,1,accepted,Container,container,network,unknown,bytes,net_rx,,map_safe_v2,high,log1p,"Maps to existing slot 'net_rx'; semantic=network, unit=bytes, source=Container"
Container-DOCKER_CONTAINER_1bc4fc80d241--bcou-trace-st-uat-statefulset-1--bcou--UATWKR18_NetworkRxBytes,87,7.1205868935040116e-06,0.9998349988140546,1,accepted,Container,container,network,unknown,bytes,net_rx,,map_safe_v2,high,log1p,"Maps to existing slot 'net_rx'; semantic=network, unit=bytes, source=Container"
Container-DOCKER_CONTAINER_2fa7eaebac26--bcou-role-st-uat-statefulset-1--bcou--UATWKR02_MemLimit,80,6.547666108969206e-06,0.9998415464801635,1,unmapped,Container,container,memory,gauge,unknown,,,manual_review,low,unknown,"semantic=memory, unit=unknown, kind=gauge; cannot auto-classify"
Container-DOCKER_CONTAINER_23bdcf67c7e3--bcou-role-st-uat-statefulset-0--bcou--UATWKR18_MemPercent,75,6.138436977158631e-06,0.9998476849171407,1,accepted,Container,container,memory,ratio,percent,mem,,map_safe_v2,high,identity,"Maps to existing slot 'mem'; semantic=memory, unit=percent, source=Container"
Container-DOCKER_CONTAINER_ef6cb138bb10--bcou-role-st-uat-statefulset-0--bcou--UATWKR18_MemLimit,74,6.056591150796515e-06,0.9998537415082915,1,unmapped,Container,container,memory,gauge,unknown,,,manual_review,low,unknown,"semantic=memory, unit=unknown, kind=gauge; cannot auto-classify"
Container-DOCKER_CONTAINER_ef6cb138bb10--bcou-role-st-uat-statefulset-0--bcou--UATWKR18_MemPercent,74,6.056591150796515e-06,0.9998597980994424,1,accepted,Container,container,memory,ratio,percent,mem,,map_safe_v2,high,identity,"Maps to existing slot 'mem'; semantic=memory, unit=percent, source=Container"
Container-DOCKER_CONTAINER_ef6cb138bb10--bcou-role-st-uat-statefulset-0--bcou--UATWKR18_MemUsage,74,6.056591150796515e-06,0.9998658546905932,1,dropped,Container,container,memory,gauge,unknown,,,manual_review,low,unknown,"semantic=memory, unit=unknown, kind=gauge; cannot auto-classify"
Container-DOCKER_CONTAINER_23bdcf67c7e3--bcou-role-st-uat-statefulset-0--bcou--UATWKR18_CpuPercent,74,6.056591150796515e-06,0.999871911281744,1,accepted,Container,container,cpu,ratio,percent,cpu,,map_safe_v2,high,identity,"Maps to existing slot 'cpu'; semantic=cpu, unit=percent, source=Container"
Container-DOCKER_CONTAINER_ef6cb138bb10--bcou-role-st-uat-statefulset-0--bcou--UATWKR18_CpuPercent,73,5.9747453244344e-06,0.9998778860270685,1,accepted,Container,container,cpu,ratio,percent,cpu,,map_safe_v2,high,identity,"Maps to existing slot 'cpu'; semantic=cpu, unit=percent, source=Container"
Container-DOCKER_CONTAINER_ef6cb138bb10--bcou-role-st-uat-statefulset-0--bcou--UATWKR18_NetworkTxBytes,73,5.9747453244344e-06,0.999883860772393,1,accepted,Container,container,network,unknown,bytes,net_tx,,map_safe_v2,high,log1p,"Maps to existing slot 'net_tx'; semantic=network, unit=bytes, source=Container"
Container-DOCKER_CONTAINER_23bdcf67c7e3--bcou-role-st-uat-statefulset-0--bcou--UATWKR18_NetworkRxBytes,69,5.64736201898594e-06,0.999889508134412,1,accepted,Container,container,network,unknown,bytes,net_rx,,map_safe_v2,high,log1p,"Maps to existing slot 'net_rx'; semantic=network, unit=bytes, source=Container"
Container-DOCKER_CONTAINER_69b53a78b2eb--bcou-role-st-uat-statefulset-1--bcou--UATWKR06_MemLimit,65,5.31997871353748e-06,0.9998948281131256,1,unmapped,Container,container,memory,gauge,unknown,,,manual_review,low,unknown,"semantic=memory, unit=unknown, kind=gauge; cannot auto-classify"
Container-DOCKER_CONTAINER_0f6f3aa7920c--bcou-role-st-uat-statefulset-0--bcou--UATWKR18_CpuPercent,60,4.910749581726905e-06,0.9998997388627073,1,accepted,Container,container,cpu,ratio,percent,cpu,,map_safe_v2,high,identity,"Maps to existing slot 'cpu'; semantic=cpu, unit=percent, source=Container"
Container-DOCKER_CONTAINER_0f6f3aa7920c--bcou-role-st-uat-statefulset-0--bcou--UATWKR18_MemPercent,60,4.910749581726905e-06,0.9999046496122891,1,accepted,Container,container,memory,ratio,percent,mem,,map_safe_v2,high,identity,"Maps to existing slot 'mem'; semantic=memory, unit=percent, source=Container"
Container-DOCKER_CONTAINER_0f6f3aa7920c--bcou-role-st-uat-statefulset-0--bcou--UATWKR18_NetworkTxBytes,60,4.910749581726905e-06,0.9999095603618708,1,accepted,Container,container,network,unknown,bytes,net_tx,,map_safe_v2,high,log1p,"Maps to existing slot 'net_tx'; semantic=network, unit=bytes, source=Container"
Container-DOCKER_CONTAINER_0f6f3aa7920c--bcou-role-st-uat-statefulset-0--bcou--UATWKR18_MemUsage,59,4.828903755364789e-06,0.9999143892656263,1,dropped,Container,container,memory,gauge,unknown,,,manual_review,low,unknown,"semantic=memory, unit=unknown, kind=gauge; cannot auto-classify"
Container-DOCKER_CONTAINER_6d83a96887c3--bcou-role-st-uat-statefulset-0--bcou--UATWKR18_CpuPercent,58,4.747057929002674e-06,0.9999191363235552,1,accepted,Container,container,cpu,ratio,percent,cpu,,map_safe_v2,high,identity,"Maps to existing slot 'cpu'; semantic=cpu, unit=percent, source=Container"
Container-DOCKER_CONTAINER_6d83a96887c3--bcou-role-st-uat-statefulset-0--bcou--UATWKR18_MemPercent,58,4.747057929002674e-06,0.9999238833814842,1,accepted,Container,container,memory,ratio,percent,mem,,map_safe_v2,high,identity,"Maps to existing slot 'mem'; semantic=memory, unit=percent, source=Container"
Container-DOCKER_CONTAINER_6d83a96887c3--bcou-role-st-uat-statefulset-0--bcou--UATWKR18_MemUsage,58,4.747057929002674e-06,0.9999286304394132,1,dropped,Container,container,memory,gauge,unknown,,,manual_review,low,unknown,"semantic=memory, unit=unknown, kind=gauge; cannot auto-classify"
Container-DOCKER_CONTAINER_6d83a96887c3--bcou-role-st-uat-statefulset-0--bcou--UATWKR18_NetworkTxBytes,58,4.747057929002674e-06,0.9999333774973421,1,accepted,Container,container,network,unknown,bytes,net_tx,,map_safe_v2,high,log1p,"Maps to existing slot 'net_tx'; semantic=network, unit=bytes, source=Container"
Container-DOCKER_CONTAINER_23bdcf67c7e3--bcou-role-st-uat-statefulset-0--bcou--UATWKR18_MemLimit,57,4.665212102640559e-06,0.9999380427094448,1,unmapped,Container,container,memory,gauge,unknown,,,manual_review,low,unknown,"semantic=memory, unit=unknown, kind=gauge; cannot auto-classify"
Container-DOCKER_CONTAINER_76d31070b844--bcou-role-st-uat-statefulset-1--bcou--UATWKR06_MemLimit,57,4.665212102640559e-06,0.9999427079215474,1,unmapped,Container,container,memory,gauge,unknown,,,manual_review,low,unknown,"semantic=memory, unit=unknown, kind=gauge; cannot auto-classify"
Container-DOCKER_CONTAINER_b2fc383d2438--bcou-trace-st-uat-statefulset-1--bcou--UATWKR18_MemPercent,56,4.583366276278444e-06,0.9999472912878237,1,accepted,Container,container,memory,ratio,percent,mem,,map_safe_v2,high,identity,"Maps to existing slot 'mem'; semantic=memory, unit=percent, source=Container"
Container-DOCKER_CONTAINER_b2fc383d2438--bcou-trace-st-uat-statefulset-1--bcou--UATWKR18_MemLimit,55,4.501520449916329e-06,0.9999517928082736,1,unmapped,Container,container,memory,gauge,unknown,,,manual_review,low,unknown,"semantic=memory, unit=unknown, kind=gauge; cannot auto-classify"
Container-DOCKER_CONTAINER_b2fc383d2438--bcou-trace-st-uat-statefulset-1--bcou--UATWKR18_MemUsage,55,4.501520449916329e-06,0.9999562943287236,1,dropped,Container,container,memory,gauge,unknown,,,manual_review,low,unknown,"semantic=memory, unit=unknown, kind=gauge; cannot auto-classify"
Container-DOCKER_CONTAINER_b2fc383d2438--bcou-trace-st-uat-statefulset-1--bcou--UATWKR18_NetworkTxBytes,55,4.501520449916329e-06,0.9999607958491735,1,accepted,Container,container,network,unknown,bytes,net_tx,,map_safe_v2,high,log1p,"Maps to existing slot 'net_tx'; semantic=network, unit=bytes, source=Container"
Container-DOCKER_CONTAINER_b2fc383d2438--bcou-trace-st-uat-statefulset-1--bcou--UATWKR18_CpuPercent,55,4.501520449916329e-06,0.9999652973696235,1,accepted,Container,container,cpu,ratio,percent,cpu,,map_safe_v2,high,identity,"Maps to existing slot 'cpu'; semantic=cpu, unit=percent, source=Container"
Container-DOCKER_CONTAINER_01eeda2c9f0b--bcou-trace-st-uat-statefulset-1--bcou--UATWKR18_CpuPercent,50,4.092291318105754e-06,0.9999693896609416,1,accepted,Container,container,cpu,ratio,percent,cpu,,map_safe_v2,high,identity,"Maps to existing slot 'cpu'; semantic=cpu, unit=percent, source=Container"
Container-DOCKER_CONTAINER_01eeda2c9f0b--bcou-trace-st-uat-statefulset-1--bcou--UATWKR18_MemPercent,50,4.092291318105754e-06,0.9999734819522598,1,accepted,Container,container,memory,ratio,percent,mem,,map_safe_v2,high,identity,"Maps to existing slot 'mem'; semantic=memory, unit=percent, source=Container"
Container-DOCKER_CONTAINER_01eeda2c9f0b--bcou-trace-st-uat-statefulset-1--bcou--UATWKR18_MemUsage,50,4.092291318105754e-06,0.9999775742435779,1,dropped,Container,container,memory,gauge,unknown,,,manual_review,low,unknown,"semantic=memory, unit=unknown, kind=gauge; cannot auto-classify"
Container-DOCKER_CONTAINER_01eeda2c9f0b--bcou-trace-st-uat-statefulset-1--bcou--UATWKR18_NetworkTxBytes,50,4.092291318105754e-06,0.9999816665348961,1,accepted,Container,container,network,unknown,bytes,net_tx,,map_safe_v2,high,log1p,"Maps to existing slot 'net_tx'; semantic=network, unit=bytes, source=Container"
Container-DOCKER_CONTAINER_6d83a96887c3--bcou-role-st-uat-statefulset-0--bcou--UATWKR18_MemLimit,40,3.273833054484603e-06,0.9999849403679506,1,unmapped,Container,container,memory,gauge,unknown,,,manual_review,low,unknown,"semantic=memory, unit=unknown, kind=gauge; cannot auto-classify"
Container-DOCKER_CONTAINER_0f6f3aa7920c--bcou-role-st-uat-statefulset-0--bcou--UATWKR18_MemLimit,37,3.0282955753982575e-06,0.999987968663526,1,unmapped,Container,container,memory,gauge,unknown,,,manual_review,low,unknown,"semantic=memory, unit=unknown, kind=gauge; cannot auto-classify"
Container-DOCKER_CONTAINER_350771a68ac2--bcou-trace-st-uat-statefulset-1--bcou--UATWKR18_NetworkRxBytes,29,2.373528964501337e-06,0.9999903421924905,1,accepted,Container,container,network,unknown,bytes,net_rx,,map_safe_v2,high,log1p,"Maps to existing slot 'net_rx'; semantic=network, unit=bytes, source=Container"
Container-DOCKER_CONTAINER_01eeda2c9f0b--bcou-trace-st-uat-statefulset-1--bcou--UATWKR18_MemLimit,27,2.209837311777107e-06,0.9999925520298023,1,unmapped,Container,container,memory,gauge,unknown,,,manual_review,low,unknown,"semantic=memory, unit=unknown, kind=gauge; cannot auto-classify"
Container-DOCKER_CONTAINER_6d83a96887c3--bcou-role-st-uat-statefulset-0--bcou--UATWKR18_NetworkRxBytes,26,2.127991485414992e-06,0.9999946800212878,1,accepted,Container,container,network,unknown,bytes,net_rx,,map_safe_v2,high,log1p,"Maps to existing slot 'net_rx'; semantic=network, unit=bytes, source=Container"
Container-DOCKER_CONTAINER_ef6cb138bb10--bcou-role-st-uat-statefulset-0--bcou--UATWKR18_NetworkRxBytes,12,9.82149916345381e-07,0.9999956621712042,1,accepted,Container,container,network,unknown,bytes,net_rx,,map_safe_v2,high,log1p,"Maps to existing slot 'net_rx'; semantic=network, unit=bytes, source=Container"
Container-DOCKER_CONTAINER_c67422614c81--bcou-role-st-uat-statefulset-1--bcou--UATWKR02_NetworkRxBytes,10,8.184582636211507e-07,0.9999964806294678,1,accepted,Container,container,network,unknown,bytes,net_rx,,map_safe_v2,high,log1p,"Maps to existing slot 'net_rx'; semantic=network, unit=bytes, source=Container"
Container-DOCKER_CONTAINER_cd2b4a29291e--bcou-role-st-uat-statefulset-1--bcou--UATWKR04_NetworkRxBytes,10,8.184582636211507e-07,0.9999972990877314,1,accepted,Container,container,network,unknown,bytes,net_rx,,map_safe_v2,high,log1p,"Maps to existing slot 'net_rx'; semantic=network, unit=bytes, source=Container"
Container-DOCKER_CONTAINER_0f6f3aa7920c--bcou-role-st-uat-statefulset-0--bcou--UATWKR18_NetworkRxBytes,5,4.0922913181057537e-07,0.9999977083168632,1,accepted,Container,container,network,unknown,bytes,net_rx,,map_safe_v2,high,log1p,"Maps to existing slot 'net_rx'; semantic=network, unit=bytes, source=Container"
Container-DOCKER_CONTAINER_ac3ba8476104--bcou-trace-st-uat-statefulset-1--bcou--UATWKR18_NetworkTxBytes,4,3.273833054484603e-07,0.9999980357001687,1,accepted,Container,container,network,unknown,bytes,net_tx,,map_safe_v2,high,log1p,"Maps to existing slot 'net_tx'; semantic=network, unit=bytes, source=Container"
Container-DOCKER_CONTAINER_ac3ba8476104--bcou-trace-st-uat-statefulset-1--bcou--UATWKR18_MemUsage,4,3.273833054484603e-07,0.9999983630834741,1,dropped,Container,container,memory,gauge,unknown,,,manual_review,low,unknown,"semantic=memory, unit=unknown, kind=gauge; cannot auto-classify"
Container-DOCKER_CONTAINER_ac3ba8476104--bcou-trace-st-uat-statefulset-1--bcou--UATWKR18_MemPercent,4,3.273833054484603e-07,0.9999986904667796,1,accepted,Container,container,memory,ratio,percent,mem,,map_safe_v2,high,identity,"Maps to existing slot 'mem'; semantic=memory, unit=percent, source=Container"
Container-DOCKER_CONTAINER_ac3ba8476104--bcou-trace-st-uat-statefulset-1--bcou--UATWKR18_MemLimit,4,3.273833054484603e-07,0.999999017850085,1,unmapped,Container,container,memory,gauge,unknown,,,manual_review,low,unknown,"semantic=memory, unit=unknown, kind=gauge; cannot auto-classify"
Container-DOCKER_CONTAINER_ac3ba8476104--bcou-trace-st-uat-statefulset-1--bcou--UATWKR18_CpuPercent,4,3.273833054484603e-07,0.9999993452333905,1,accepted,Container,container,cpu,ratio,percent,cpu,,map_safe_v2,high,identity,"Maps to existing slot 'cpu'; semantic=cpu, unit=percent, source=Container"
Container-DOCKER_CONTAINER_2fa7eaebac26--bcou-role-st-uat-statefulset-1--bcou--UATWKR02_NetworkRxBytes,1,8.184582636211508e-08,0.9999994270792169,1,accepted,Container,container,network,unknown,bytes,net_rx,,map_safe_v2,high,log1p,"Maps to existing slot 'net_rx'; semantic=network, unit=bytes, source=Container"
Container-DOCKER_CONTAINER_f861998c398e--bcou-role-st-uat-statefulset-0--bcou--UATWKR18_NetworkTxBytes,1,8.184582636211508e-08,0.9999995089250432,1,accepted,Container,container,network,unknown,bytes,net_tx,,map_safe_v2,high,log1p,"Maps to existing slot 'net_tx'; semantic=network, unit=bytes, source=Container"
Container-DOCKER_CONTAINER_f861998c398e--bcou-role-st-uat-statefulset-0--bcou--UATWKR18_NetworkRxBytes,1,8.184582636211508e-08,0.9999995907708695,1,accepted,Container,container,network,unknown,bytes,net_rx,,map_safe_v2,high,log1p,"Maps to existing slot 'net_rx'; semantic=network, unit=bytes, source=Container"
Container-DOCKER_CONTAINER_f861998c398e--bcou-role-st-uat-statefulset-0--bcou--UATWKR18_MemUsage,1,8.184582636211508e-08,0.9999996726166959,1,dropped,Container,container,memory,gauge,unknown,,,manual_review,low,unknown,"semantic=memory, unit=unknown, kind=gauge; cannot auto-classify"
Container-DOCKER_CONTAINER_f861998c398e--bcou-role-st-uat-statefulset-0--bcou--UATWKR18_MemPercent,1,8.184582636211508e-08,0.9999997544625222,1,accepted,Container,container,memory,ratio,percent,mem,,map_safe_v2,high,identity,"Maps to existing slot 'mem'; semantic=memory, unit=percent, source=Container"
Container-DOCKER_CONTAINER_f861998c398e--bcou-role-st-uat-statefulset-0--bcou--UATWKR18_MemLimit,1,8.184582636211508e-08,0.9999998363083485,1,unmapped,Container,container,memory,gauge,unknown,,,manual_review,low,unknown,"semantic=memory, unit=unknown, kind=gauge; cannot auto-classify"
Container-DOCKER_CONTAINER_f861998c398e--bcou-role-st-uat-statefulset-0--bcou--UATWKR18_CpuPercent,1,8.184582636211508e-08,0.9999999181541749,1,accepted,Container,container,cpu,ratio,percent,cpu,,map_safe_v2,high,identity,"Maps to existing slot 'cpu'; semantic=cpu, unit=percent, source=Container"
Container-DOCKER_CONTAINER_76d31070b844--bcou-role-st-uat-statefulset-1--bcou--UATWKR06_NetworkRxBytes,1,8.184582636211508e-08,1.0000000000000013,1,accepted,Container,container,network,unknown,bytes,net_rx,,map_safe_v2,high,log1p,"Maps to existing slot 'net_rx'; semantic=network, unit=bytes, source=Container"
